Workbook
Name bex: OFFSET('[1]Trend-Table'!$A$5,0,5,'[1]Trend-Table'!$B$1,1)
Name bgreen: OFFSET('[1]Trend-Table'!$A$5,0,4,'[1]Trend-Table'!$B$1,1)
Name borange: OFFSET('[1]Trend-Table'!$A$5,0,2,'[1]Trend-Table'!$B$1,1)
Name boverall: OFFSET('[1]Trend-Table'!$A$5,0,25,'[1]Trend-Table'!$B$1,1)
Name bred: OFFSET('[1]Trend-Table'!$A$5,0,1,'[1]Trend-Table'!$B$1,1)
Name byellow: OFFSET('[1]Trend-Table'!$A$5,0,3,'[1]Trend-Table'!$B$1,1)
Name dates: OFFSET('[1]Trend-Table'!$A$5,0,0,'[1]Trend-Table'!$B$1,1)

Sheet VLOOKUP
A1: Enter barcode
A2: Barcode | B2: Article
B3: =IFERROR(VLOOKUP(A3,'ZDET-PRICE'!Z:AE,6,0),"")
B4: =IFERROR(VLOOKUP(A4,'ZDET-PRICE'!Z:AE,6,0),"")
B5: =IFERROR(VLOOKUP(A5,'ZDET-PRICE'!Z:AE,6,0),"")
B6: =IFERROR(VLOOKUP(A6,'ZDET-PRICE'!Z:AE,6,0),"")
B7: =IFERROR(VLOOKUP(A7,'ZDET-PRICE'!Z:AE,6,0),"")
B8: =IFERROR(VLOOKUP(A8,'ZDET-PRICE'!Z:AE,6,0),"")
B9: =IFERROR(VLOOKUP(A9,'ZDET-PRICE'!Z:AE,6,0),"")
B10: =IFERROR(VLOOKUP(A10,'ZDET-PRICE'!Z:AE,6,0),"")
B11: =IFERROR(VLOOKUP(A11,'ZDET-PRICE'!Z:AE,6,0),"")
B12: =IFERROR(VLOOKUP(A12,'ZDET-PRICE'!Z:AE,6,0),"")
B13: =IFERROR(VLOOKUP(A13,'ZDET-PRICE'!Z:AE,6,0),"")
B14: =IFERROR(VLOOKUP(A14,'ZDET-PRICE'!Z:AE,6,0),"")
... B38: =IFERROR(VLOOKUP(A38,'ZDET-PRICE'!Z:AE,6,0),"")
A39: 24000104582 | B39: =IFERROR(VLOOKUP(A39,'ZDET-PRICE'!Z:AE,6,0),"") -> 91599 | C39: 9566686862
A40: 8720865190587 | B40: =IFERROR(VLOOKUP(A40,'ZDET-PRICE'!Z:AE,6,0),"") -> 372605
A41: 24000238171 | B41: =IFERROR(VLOOKUP(A41,'ZDET-PRICE'!Z:AE,6,0),"") -> 165099
A42: 24000025528 | B42: =IFERROR(VLOOKUP(A42,'ZDET-PRICE'!Z:AE,6,0),"") -> 91552
A43: 24000025993 | B43: =IFERROR(VLOOKUP(A43,'ZDET-PRICE'!Z:AE,6,0),"") -> 91555
A44: 6291106770421 | B44: =IFERROR(VLOOKUP(A44,'ZDET-PRICE'!Z:AE,6,0),"")
A45: 1800000016020 | B45: =IFERROR(VLOOKUP(A45,'ZDET-PRICE'!Z:AE,6,0),"") -> 356748
A46: 6291106770322 | B46: =IFERROR(VLOOKUP(A46,'ZDET-PRICE'!Z:AE,6,0),"") | C46: 12
A47: 8682790000419 | B47: =IFERROR(VLOOKUP(A47,'ZDET-PRICE'!Z:AE,6,0),"") -> 412004 | C47: 12
A48: 6921211117094 | B48: =IFERROR(VLOOKUP(A48,'ZDET-PRICE'!Z:AE,6,0),"") -> 371251 | C48: 12
A49: 8935001725572 | B49: =IFERROR(VLOOKUP(A49,'ZDET-PRICE'!Z:AE,6,0),"") -> 327491 | C49: 24
A50: 8935001729570 | B50: =IFERROR(VLOOKUP(A50,'ZDET-PRICE'!Z:AE,6,0),"") -> 412010 | C50: 24
A51: 8935001727309 | B51: =IFERROR(VLOOKUP(A51,'ZDET-PRICE'!Z:AE,6,0),"") -> 384691 | C51: 24
A52: 8935001729068 | B52: =IFERROR(VLOOKUP(A52,'ZDET-PRICE'!Z:AE,6,0),"") -> 412009 | C52: 24
A53: 8935001727293 | B53: =IFERROR(VLOOKUP(A53,'ZDET-PRICE'!Z:AE,6,0),"") -> 384692 | C53: 12
A54: 8990800007793 | B54: =IFERROR(VLOOKUP(A54,'ZDET-PRICE'!Z:AE,6,0),"") -> 176176 | C54: 6 | E54: =283001-43680-5448 -> 233873
A55: 6291106770421 | B55: =IFERROR(VLOOKUP(A55,'ZDET-PRICE'!Z:AE,6,0),"") | C55: 24
A56: 8935001726289 | B56: =IFERROR(VLOOKUP(A56,'ZDET-PRICE'!Z:AE,6,0),"") -> 378596
A57: 80756590 | B57: =IFERROR(VLOOKUP(A57,'ZDET-PRICE'!Z:AE,6,0),"") -> 138940
A58: 8935001724513 | B58: =IFERROR(VLOOKUP(A58,'ZDET-PRICE'!Z:AE,6,0),"") -> 271359
A59: 6921211117025 | B59: =IFERROR(VLOOKUP(A59,'ZDET-PRICE'!Z:AE,6,0),"") -> 365133
A60: 8935001722533 | B60: =IFERROR(VLOOKUP(A60,'ZDET-PRICE'!Z:AE,6,0),"") -> 184051
A61: 8935001722519 | B61: =IFERROR(VLOOKUP(A61,'ZDET-PRICE'!Z:AE,6,0),"") -> 183930
A62: 84196033 | B62: =IFERROR(VLOOKUP(A62,'ZDET-PRICE'!Z:AE,6,0),"") -> 176191
A63: 84155634 | B63: =IFERROR(VLOOKUP(A63,'ZDET-PRICE'!Z:AE,6,0),"") -> 176188
A64: 3073781049831 | B64: =IFERROR(VLOOKUP(A64,'ZDET-PRICE'!Z:AE,6,0),"") -> 395985
A65: 3073781053555 | B65: =IFERROR(VLOOKUP(A65,'ZDET-PRICE'!Z:AE,6,0),"") -> 195540
A66: 3073781053586 | B66: =IFERROR(VLOOKUP(A66,'ZDET-PRICE'!Z:AE,6,0),"") -> 94715
A67: 3073781058796 | B67: =IFERROR(VLOOKUP(A67,'ZDET-PRICE'!Z:AE,6,0),"") -> 293031
... A77: 3073781194753 | B77: =IFERROR(VLOOKUP(A77,'ZDET-PRICE'!Z:AE,6,0),"") -> 399394
B78: =IFERROR(VLOOKUP(A78,'ZDET-PRICE'!Z:AE,6,0),"")
B79: =IFERROR(VLOOKUP(A79,'ZDET-PRICE'!Z:AE,6,0),"")
B80: =IFERROR(VLOOKUP(A80,'ZDET-PRICE'!Z:AE,6,0),"")
A81: 8990800023939 | B81: =IFERROR(VLOOKUP(A81,'ZDET-PRICE'!Z:AE,6,0),"") -> 352470
A82: 8935001726470 | B82: =IFERROR(VLOOKUP(A82,'ZDET-PRICE'!Z:AE,6,0),"") -> 345781
A83: 8935001726487 | B83: =IFERROR(VLOOKUP(A83,'ZDET-PRICE'!Z:AE,6,0),"") -> 345782
A84: 8901063165359 | B84: =IFERROR(VLOOKUP(A84,'ZDET-PRICE'!Z:AE,6,0),"") -> 356736
A85: 6291007910278 | B85: =IFERROR(VLOOKUP(A85,'ZDET-PRICE'!Z:AE,6,0),"") -> 365221
A86: 8901063166783 | B86: =IFERROR(VLOOKUP(A86,'ZDET-PRICE'!Z:AE,6,0),"") -> 375708
A87: 8992741994088 | B87: =IFERROR(VLOOKUP(A87,'ZDET-PRICE'!Z:AE,6,0),"") -> 329173
A88: 8410031977240 | B88: =IFERROR(VLOOKUP(A88,'ZDET-PRICE'!Z:AE,6,0),"") -> 374046
A89: 8992741993340 | B89: =IFERROR(VLOOKUP(A89,'ZDET-PRICE'!Z:AE,6,0),"") -> 329171
A90: 3073780984492 | B90: =IFERROR(VLOOKUP(A90,'ZDET-PRICE'!Z:AE,6,0),"") -> 215668
A91: 8935001727293 | B91: =IFERROR(VLOOKUP(A91,'ZDET-PRICE'!Z:AE,6,0),"") -> 384692
A92: 8723400827771 | B92: =IFERROR(VLOOKUP(A92,'ZDET-PRICE'!Z:AE,6,0),"") -> 387686
... A132: 8935001722519 | B132: =IFERROR(VLOOKUP(A132,'ZDET-PRICE'!Z:AE,6,0),"") -> 183930
B133: =IFERROR(VLOOKUP(A133,'ZDET-PRICE'!Z:AE,6,0),"")
B134: =IFERROR(VLOOKUP(A134,'ZDET-PRICE'!Z:AE,6,0),"")
B135: =IFERROR(VLOOKUP(A135,'ZDET-PRICE'!Z:AE,6,0),"")
A136: 6291106770421 | B136: =IFERROR(VLOOKUP(A136,'ZDET-PRICE'!Z:AE,6,0),"")
A137: 1800000016020 | B137: =IFERROR(VLOOKUP(A137,'ZDET-PRICE'!Z:AE,6,0),"") -> 356748
A138: 6291106770322 | B138: =IFERROR(VLOOKUP(A138,'ZDET-PRICE'!Z:AE,6,0),"")
A139: 8682790000419 | B139: =IFERROR(VLOOKUP(A139,'ZDET-PRICE'!Z:AE,6,0),"") -> 412004
B140: =IFERROR(VLOOKUP(A140,'ZDET-PRICE'!Z:AE,6,0),"")
A141: 8906038786089 | B141: =IFERROR(VLOOKUP(A141,'ZDET-PRICE'!Z:AE,6,0),"") -> 362950
A142: 8906038786072 | B142: =IFERROR(VLOOKUP(A142,'ZDET-PRICE'!Z:AE,6,0),"") -> 362949
A143: 8906038782043 | B143: =IFERROR(VLOOKUP(A143,'ZDET-PRICE'!Z:AE,6,0),"") -> 362953
A144: 8906038784863 | B144: =IFERROR(VLOOKUP(A144,'ZDET-PRICE'!Z:AE,6,0),"") -> 362954
A145: 8906038786126 | B145: =IFERROR(VLOOKUP(A145,'ZDET-PRICE'!Z:AE,6,0),"") -> 362951
B146: =IFERROR(VLOOKUP(A146,'ZDET-PRICE'!Z:AE,6,0),"")
B147: =IFERROR(VLOOKUP(A147,'ZDET-PRICE'!Z:AE,6,0),"")
B148: =IFERROR(VLOOKUP(A148,'ZDET-PRICE'!Z:AE,6,0),"")
B149: =IFERROR(VLOOKUP(A149,'ZDET-PRICE'!Z:AE,6,0),"")
B150: =IFERROR(VLOOKUP(A150,'ZDET-PRICE'!Z:AE,6,0),"")
B151: =IFERROR(VLOOKUP(A151,'ZDET-PRICE'!Z:AE,6,0),"")
B152: =IFERROR(VLOOKUP(A152,'ZDET-PRICE'!Z:AE,6,0),"")
B153: =IFERROR(VLOOKUP(A153,'ZDET-PRICE'!Z:AE,6,0),"")
B154: =IFERROR(VLOOKUP(A154,'ZDET-PRICE'!Z:AE,6,0),"")
B155: =IFERROR(VLOOKUP(A155,'ZDET-PRICE'!Z:AE,6,0),"")
B156: =IFERROR(VLOOKUP(A156,'ZDET-PRICE'!Z:AE,6,0),"")
B157: =IFERROR(VLOOKUP(A157,'ZDET-PRICE'!Z:AE,6,0),"")
... B510: =IFERROR(VLOOKUP(A510,'ZDET-PRICE'!Z:AE,6,0),"")

Sheet ZDET-PRICE
A1: 1 | B1: =A1+1 -> 2 | C1: =B1+1 -> 3 | D1: =C1+1 -> 4 | E1: =D1+1 -> 5 | F1: =E1+1 -> 6 | G1: =F1+1 -> 7 | H1: =G1+1 -> 8 | I1: =H1+1 -> 9 | ... AD1: =AC1+1 -> 30 | AE1: 1
A2: Article | B2: Material Description | C2: Brand Name | D2: Site-sp.artl status | E2: Old article number | F2: Type (R/P/F/P1) | G2: Vendor Article Number | H2: Base Unit of Measure | I2: Alternative UoM 1 | J2: Den. for Conversion 1 | K2: Alternative UoM 2 | L2: Den. for Conversion 2 | M2: Alternative UoM 3 | N2: Den. for Conversion 3 | O2: Alternative UoM 4 | P2: Den. for Conversion 4 | Q2: Gross Weight | R2: Net Weight | S2: Weight Unit | T2: Length | U2: Width | V2: Height | W2: Net price-Base UoM (Landed Cost) | X2: Selling Price- Base UoM (1st Slab) | Y2: SUF per Article | Z2: GTIN | AA2: Total shelf life | AB2: Min. Rem. Shelf Life | AC2: Vendor Name | AD2: Cs | AE2: Article
A3: 91275 | B3: PONS(12)EV OIL 500ML | C3: PONS | E3: 16/43/02 | F3: R | H3: BT | I3: BT | J3: 1 | K3: EA | L3: 1 | M3: CAR | N3: 12 | P3: 0 | Q3: 0.865 | R3: 0.458 | S3: KG | T3: 2.208 | U3: 1.125 | V3: 2.25 | W3: 1.659 | X3: 2.385 | Y3: 0 | Z3: 8429671350061 | AA3: 729 | AB3: 60 | AD3: 12 | AE3: =A3 -> 91275
A4: 91277 | B4: PONS(6)EV OIL 1LTR | C4: PONS | E4: 16/43/03 | F4: R | H4: BT | I4: BT | J4: 1 | K4: EA | L4: 1 | M4: CAR | N4: 6 | P4: 0 | Q4: 1.6 | R4: 0.916 | S4: KG | T4: 8 | U4: 8 | V4: 30 | W4: 3.183 | X4: 4.683 | Y4: 0 | Z4: 8429671350115 | AA4: 729 | AB4: 60 | AD4: 6 | AE4: =A4 -> 91277
A5: 91284 | B5: PONS(12)PURE OLIVE OIL 500ML | C5: PONS | E5: 16/43/12 | F5: R | H5: BT | I5: BT | J5: 1 | K5: EA | L5: 1 | M5: CAR | N5: 12 | P5: 0 | Q5: 0.865 | R5: 0.458 | S5: KG | T5: 6.4 | U5: 6.4 | V5: 26 | W5: 1.564 | X5: 2.212 | Y5: 0 | Z5: 8429671350092 | AA5: 729 | AB5: 60 | AD5: 12 | AE5: =A5 -> 91284
A6: 91531 | B6: DM(24) FRUIT COCKTAIL 420GM | C6: DELMONTE | E6: 16/70/01 | F6: R | H6: CAN | I6: EA | J6: 1 | K6: CAN | L6: 1 | M6: CAR | N6: 24 | P6: 0 | Q6: 0.5 | R6: 0.42 | S6: KG | T6: 7.5 | U6: 7.5 | V6: 11 | W6: 0.463 | X6: 0.574 | Y6: 0 | Z6: 24000024675 | AA6: 729 | AB6: 90 | AC6: DEL MONTE FOODS (U.A.E) FZE | AD6: 24 | AE6: =A6 -> 91531
A7: 91535 | B7: DM(24) FRUIT COCKTAIL 825GM | C7: DELMONTE | E7: 16/70/02 | F7: R | H7: CAN | I7: EA | J7: 1 | K7: CAN | L7: 1 | M7: CAR | N7: 24 | P7: 0 | Q7: 0.925 | R7: 0.825 | S7: KG | T7: 10 | U7: 10 | V7: 12 | W7: 0.777 | X7: 0.921 | Y7: 0 | Z7: 24000010920 | AA7: 729 | AB7: 90 | AC7: DEL MONTE FOODS (U.A.E) FZE | AD7: 24 | AE7: =A7 -> 91535
A8: 91538 | B8: DM(24) FRUIT COCKTAIL 227GM | C8: DELMONTE | E8: 16/70/03 | F8: R | H8: CAN | I8: EA | J8: 1 | K8: CAN | L8: 1 | M8: CAR | N8: 24 | P8: 0 | Q8: 0.25 | R8: 0.227 | S8: KG | T8: 7 | U8: 7 | V8: 8 | W8: 0.374 | X8: 0.465 | Y8: 0 | Z8: 24000011477 | AA8: 729 | AB8: 90 | AC8: DEL MONTE FOODS (U.A.E) FZE | AD8: 24 | AE8: =A8 -> 91538
A9: 91552 | B9: DM(24) PEACH HALVES 420GM | C9: DELMONTE | E9: 16/70/11 | F9: R | H9: CAN | I9: EA | J9: 1 | K9: CAN | L9: 1 | M9: CAR | N9: 24 | P9: 0 | Q9: 0.5 | R9: 0.42 | S9: KG | T9: 7.5 | U9: 7.5 | V9: 11 | W9: 0.412 | X9: 0.498 | Y9: 0 | Z9: 24000025528 | AA9: 729 | AB9: 90 | AC9: DEL MONTE FOODS (U.A.E) FZE | AD9: 24 | AE9: =A9 -> 91552
A10: 91554 | B10: DM(24) PEACH HALVES 825GM | C10: DELMONTE | E10: 16/70/12 | F10: R | H10: CAN | I10: EA | J10: 1 | K10: CAN | L10: 1 | M10: CAR | N10: 24 | P10: 0 | Q10: 0.925 | R10: 0.825 | S10: KG | T10: 10 | U10: 10 | V10: 12 | W10: 0.726 | X10: 0.829 | Y10: 0 | Z10: 24000010418 | AA10: 729 | AB10: 90 | AC10: DEL MONTE FOODS (U.A.E) FZE | AD10: 24 | AE10: =A10 -> 91554
A11: 91555 | B11: DM(24) PEACH SLICES 420GM | C11: DELMONTE | E11: 16/70/13 | F11: R | H11: CAN | I11: EA | J11: 1 | K11: CAN | L11: 1 | M11: CAR | N11: 24 | P11: 0 | Q11: 0.5 | R11: 0.42 | S11: KG | T11: 7.5 | U11: 7.5 | V11: 11 | W11: 0.412 | X11: 0.474 | Y11: 0 | Z11: 24000025993 | AA11: 729 | AB11: 90 | AC11: DEL MONTE FOODS (U.A.E) FZE | AD11: 24 | AE11: =A11 -> 91555
A12: 91558 | B12: DM(48) PINEAPPLE SLICES 235GM | C12: DELMONTE | E12: 16/70/19 | F12: R | H12: CAN | I12: EA | J12: 1 | K12: CAN | L12: 1 | M12: CAR | N12: 48 | P12: 0 | Q12: 0.3 | R12: 0.234 | S12: KG | T12: 8.5 | U12: 8.5 | V12: 5 | W12: 0.233 | X12: 0.305 | Y12: 0 | Z12: 24000003649 | AA12: 729 | AB12: 90 | AC12: DEL MONTE FOODS (U.A.E) FZE | AD12: 48 | AE12: =A12 -> 91558
A13: 91560 | B13: DM(24) PINEAPPLE SLICES 432GM | C13: DELMONTE | E13: 16/70/20 | F13: R | H13: CAN | I13: EA | J13: 1 | K13: CAN | L13: 1 | M13: CAR | N13: 24 | P13: 0 | Q13: 0.52 | R13: 0.432 | S13: KG | T13: 8.5 | U13: 8.5 | V13: 9 | W13: 0.415 | X13: 0.54 | Y13: 0 | Z13: 24000015963 | AA13: 729 | AB13: 90 | AC13: DEL MONTE FOODS (U.A.E) FZE | AD13: 24 | AE13: =A13 -> 91560
A14: 91566 | B14: DM(24) PINEAPPLE SLICES 567GM | C14: DELMONTE | E14: 16/70/21 | F14: R | H14: CAN | I14: EA | J14: 1 | K14: CAN | L14: 1 | M14: CAR | N14: 24 | P14: 0 | Q14: 0.28 | R14: 0.567 | S14: KG | T14: 8.5 | U14: 8.5 | V14: 11.5 | W14: 0.482 | X14: 0.601 | Y14: 0 | Z14: 24000012313 | AA14: 729 | AB14: 90 | AC14: DEL MONTE FOODS (U.A.E) FZE | AD14: 24 | AE14: =A14 -> 91566
A15: 91570 | B15: DM(48) PINEAPPLE CHUNK 234GM | C15: DELMONTE | E15: 16/70/24 | F15: R | H15: CAN | I15: EA | J15: 1 | K15: CAN | L15: 1 | M15: CAR | N15: 48 | P15: 0 | Q15: 0.28 | R15: 0.234 | S15: KG | T15: 8.5 | U15: 8.5 | V15: 5 | W15: 0.236 | X15: 0.305 | Y15: 0 | Z15: 24000008934 | AA15: 729 | AB15: 90 | AC15: DEL MONTE FOODS (U.A.E) FZE | AD15: 48 | AE15: =A15 -> 91570
A16: 91572 | B16: DM(24) PINEAPPLE CHUNK 435GM | C16: DELMONTE | E16: 16/70/25 | F16: R | H16: CAN | I16: EA | J16: 1 | K16: CAN | L16: 1 | M16: CAR | N16: 24 | P16: 0 | Q16: 0.52 | R16: 0.432 | S16: KG | T16: 8.5 | U16: 85 | V16: 9 | W16: 0.418 | X16: 0.555 | Y16: 0 | Z16: 24000015970 | AA16: 729 | AB16: 90 | AC16: DEL MONTE FOODS (U.A.E) FZE | AD16: 24 | AE16: =A16 -> 91572
A17: 91575 | B17: DM(24) PINEAPPLE CHUNK 570GM | C17: DELMONTE | E17: 16/70/27 | F17: R | H17: CAN | I17: EA | J17: 1 | K17: CAN | L17: 1 | M17: CAR | N17: 24 | P17: 0 | Q17: 0.66 | R17: 0.567 | S17: KG | T17: 8.5 | U17: 8.5 | V17: 11.5 | W17: 0.474 | X17: 0.586 | Y17: 0 | Z17: 24000012412 | AA17: 729 | AB17: 90 | AC17: DEL MONTE FOODS (U.A.E) FZE | AD17: 24 | AE17: =A17 -> 91575
... A25: 91614 | B25: DM JUICE PINEAPPLE-UNSWEETED 6X240ML | C25: DELMONTE | E25: 16/70/89ASPR6 | F25: P | H25: SET | I25: EA | J25: 1 | K25: CAR | L25: 4 | M25: SET | N25: 1 | P25: 0 | Q25: 1.8 | R25: 0 | S25: KG | T25: 15 | U25: 10 | V25: 13 | W25: 0.841 | X25: 1.055 | Y25: 0 | Z25: 6291106770223 | AA25: 729 | AB25: 60 | AC25: KR COMMODITY DIVN. | AD25: 4 | AE25: =A25 -> 91614
A26: 94567 | B26: REGAL PICON 72PORTION 1080G | C26: REGAL PICON | D26: K6 | E26: 18/1/011080 | F26: R | H26: EA | I26: EA | J26: 1 | K26: CAR | L26: 8 | M26: KG | N26: 25 | O26: TO | P26: 25000 | Q26: 1.08 | R26: 1.08 | S26: KG | T26: 4.4 | U26: 4.4 | V26: 6.1 | W26: 2.23 | X26: 2.703 | Y26: 0 | Z26: 3073780884655 | AA26: 288 | AB26: 60 | AC26: BEL MIDDLE EAST GENERAL TRADING L.L | AD26: 8 | AE26: =A26 -> 94567
A27: 94576 | B27: REGAL PICON 16PORTION 240G | C27: REGAL PICON | D27: K6 | E27: 18/1/01240 | F27: R | H27: EA | I27: EA | J27: 1 | K27: CAR | L27: 32 | M27: KG | N27: 1000 | O27: TO | P27: 12500 | Q27: 0.24 | R27: 0.24 | S27: KG | T27: 4.4 | U27: 4.4 | V27: 1.4 | W27: 0.676 | X27: 0.819 | Y27: 0 | Z27: 3251350161003 | AA27: 288 | AB27: 60 | AC27: BEL MIDDLE EAST GENERAL TRADING L.L | AD27: 32 | AE27: =A27 -> 94576
A28: 94581 | B28: REGAL PICON 24PORTION 360G | C28: REGAL PICON | D28: K6 | E28: 18/1/01360 | F28: R | H28: EA | I28: EA | J28: 1 | K28: CAR | L28: 24 | M28: KG | N28: 1000 | O28: TO | P28: 25000 | Q28: 0.36 | R28: 0.32 | S28: KG | T28: 4.4 | U28: 4.4 | V28: 1.9 | W28: 1.01 | X28: 1.225 | Y28: 0 | Z28: 3251350162000 | AA28: 288 | AB28: 60 | AC28: BEL MIDDLE EAST GENERAL TRADING L.L | AD28: 24 | AE28: =A28 -> 94581
A29: 94590 | B29: REGAL PICON 32PORTION 480G | C29: REGAL PICON | D29: K6 | E29: 18/1/01480 | F29: R | H29: EA | I29: EA | J29: 1 | K29: CAR | L29: 16 | M29: KG | N29: 1000 | O29: TO | P29: 6250 | Q29: 0.48 | R29: 0.48 | S29: KG | T29: 4.4 | U29: 4.4 | V29: 2.5 | W29: 1.313 | X29: 1.592 | Y29: 0 | Z29: 3251350163007 | AA29: 288 | AB29: 60 | AC29: BEL MIDDLE EAST GENERAL TRADING L.L | AD29: 16 | AE29: =A29 -> 94590
A30: 94595 | B30: REGAL PICON 32PORTION 2X480G PB | C30: REGAL PICON | D30: K6 | E30: 18/1/01480X2/CTN | F30: P1 | H30: SET | I30: EA | J30: 1 | K30: CAR | L30: 8 | M30: KG | N30: 1000 | O30: SET | P30: 1 | Q30: 7.68 | R30: 7.68 | S30: KG | T30: 11.5 | U30: 12.5 | V30: 12.5 | W30: 2.365 | X30: 2.866 | Y30: 0 | Z30: 3073781053616 | AA30: 288 | AB30: 60 | AC30: BEL MIDDLE EAST GENERAL TRADING L.L | AD30: 8 | AE30: =A30 -> 94595
A31: 94649 | B31: LES ENFANTS 24PORTION 360G | C31: LES ENFANTS | D31: K6 | E31: 18/1/02360 | F31: R | H31: EA | I31: EA | J31: 1 | K31: CAR | L31: 24 | M31: KG | N31: 1000 | O31: TO | P31: 25000 | Q31: 0.36 | R31: 0.36 | S31: KG | T31: 4.4 | U31: 4.4 | V31: 1.9 | W31: 1.01 | X31: 1.225 | Y31: 0 | Z31: 3073780905831 | AA31: 293 | AB31: 60 | AC31: BEL MIDDLE EAST GENERAL TRADING L.L | AD31: 24 | AE31: =A31 -> 94649
A32: 94659 | B32: LA VACHE QUIRIT 16PORTION 240G | C32: LA VACHE QUIRIT | D32: K6 | E32: 18/1/03240 | F32: R | H32: EA | I32: EA | J32: 1 | K32: CAR | L32: 32 | M32: KG | N32: 1000 | O32: TO | P32: 12500 | Q32: 0.26 | R32: 0.24 | S32: KG | T32: 11.5 | U32: 11.5 | V32: 3.5 | W32: 0.806 | X32: 0.977 | Y32: 0 | Z32: 3073780574242 | AA32: 288 | AB32: 60 | AC32: BEL MIDDLE EAST GENERAL TRADING L.L | AD32: 32 | AE32: =A32 -> 94659
A33: 94661 | B33: LA VACHE QUIRIT 24PORTION 360G | C33: LA VACHE QUIRIT | D33: K6 | E33: 18/1/03360 | F33: R | H33: EA | I33: EA | J33: 1 | K33: CAR | L33: 24 | M33: KG | N33: 1000 | O33: TO | P33: 25000 | Q33: 0.36 | R33: 0.36 | S33: KG | T33: 4.4 | U33: 4.4 | V33: 1.9 | W33: 1.178 | X33: 1.428 | Y33: 0 | Z33: 3073780574310 | AA33: 288 | AB33: 60 | AC33: BEL MIDDLE EAST GENERAL TRADING L.L | AD33: 24 | AE33: =A33 -> 94661
A34: 94664 | B34: LA VACHE QUIRIT 32PORTION 480G | C34: LA VACHE QUIRIT | D34: K6 | E34: 18/1/03480 | F34: R | H34: EA | I34: EA | J34: 1 | K34: CAR | L34: 16 | M34: KG | N34: 1000 | O34: TO | P34: 6250 | Q34: 0.48 | R34: 0.48 | S34: KG | T34: 4.4 | U34: 4.4 | V34: 2.5 | W34: 1.549 | X34: 1.878 | Y34: 0 | Z34: 3073780593083 | AA34: 288 | AB34: 60 | AC34: BEL MIDDLE EAST GENERAL TRADING L.L | AD34: 16 | AE34: =A34 -> 94664
A35: 94671 | B35: LA VACHE QUIRIT SLICES CHEDDAR 200G | C35: LA VACHE QUIRIT | D35: K6 | E35: 18/1/03CHD200 | F35: R | H35: EA | I35: EA | J35: 1 | K35: CAR | L35: 32 | M35: KG | N35: 1000 | O35: TO | P35: 5000 | Q35: 0.213 | R35: 0.2 | S35: KG | T35: 11.5 | U35: 11.5 | V35: 3.5 | W35: 0.705 | X35: 0.853 | Y35: 0 | Z35: 3073780450461 | AA35: 274 | AB35: 60 | AC35: BEL MIDDLE EAST GENERAL TRADING L.L | AD35: 32 | AE35: =A35 -> 94671
A36: 94672 | B36: LA VACHE QUIRIT SLICES CHEDDAR 480G | C36: LA VACHE QUIRIT | D36: K6 | E36: 18/1/03CHD480 | F36: R | H36: EA | I36: EA | J36: 1 | K36: CAR | L36: 12 | M36: KG | N36: 1000 | O36: TO | P36: 6250 | Q36: 0.517 | R36: 0.48 | S36: KG | T36: 17 | U36: 8 | V36: 4 | W36: 1.561 | X36: 1.893 | Y36: 0 | Z36: 3073780985604 | AA36: 274 | AB36: 60 | AC36: BEL MIDDLE EAST GENERAL TRADING L.L | AD36: 12 | AE36: =A36 -> 94672
A37: 94674 | B37: LA VACHE QUIRIT SLICES BURGER 200G | C37: LA VACHE QUIRIT | D37: K6 | E37: 18/1/03HAM200 | F37: R | H37: EA | I37: EA | J37: 1 | K37: CAR | L37: 32 | M37: KG | N37: 1000 | O37: TO | P37: 5000 | Q37: 0.213 | R37: 0.2 | S37: KG | T37: 8.5 | U37: 8.5 | V37: 3 | W37: 0.705 | X37: 0.853 | Y37: 0 | Z37: 3073780985581 | AA37: 274 | AB37: 60 | AC37: BEL MIDDLE EAST GENERAL TRADING L.L | AD37: 32 | AE37: =A37 -> 94674
... A44: 94734 | B44: BABYBEL MINI LIGHT 100G | C44: BABYBEL | D44: K6 | E44: 18/1/05BL100 | F44: R | H44: EA | I44: EA | J44: 1 | K44: CAR | L44: 12 | M44: KG | N44: 1000 | O44: TO | P44: 10000 | Q44: 0.26 | R44: 0.1 | S44: KG | T44: 11.5 | U44: 11.5 | V44: 3.5 | W44: 1.104 | X44: 1.337 | Y44: 0 | Z44: 3073780574242 | AA44: 174 | AB44: 30 | AC44: BEL MIDDLE EAST GENERAL TRADING L.L | AD44: 12 | AE44: =A44 -> 94734
A45: 106958 | B45: PONS(12)EV OIL 250ML | C45: PONS | F45: R | H45: EA | I45: EA | J45: 1 | K45: CAR | L45: 12 | N45: 0 | P45: 0 | Q45: 0.48 | R45: 0.223 | S45: KG | T45: 5 | U45: 5 | V45: 22 | W45: 0.968 | X45: 1.275 | Y45: 0 | Z45: 8429671350054 | AA45: 729 | AB45: 60 | AD45: 12 | AE45: =A45 -> 106958
A46: 106959 | B46: PONS(12)PURE OLIVE OIL 250ML | C46: PONS | F46: R | H46: EA | I46: EA | J46: 1 | K46: CAR | L46: 12 | N46: 0 | P46: 0 | Q46: 0.502 | R46: 0.223 | S46: KG | T46: 5.2 | U46: 5.2 | V46: 21.5 | W46: 0.936 | X46: 1.287 | Y46: 0 | Z46: 8429671350085 | AA46: 729 | AB46: 60 | AD46: 12 | AE46: =A46 -> 106959
A47: 114598 | B47: REGAL PICON SLICE CHEDDAR 12S 200G | C47: REGAL PICON | D47: K6 | F47: R | H47: EA | I47: EA | J47: 1 | K47: CAR | L47: 24 | M47: KG | N47: 5 | O47: TO | P47: 5000 | Q47: 0.2 | R47: 0.2 | S47: KG | T47: 3.4 | U47: 3.4 | V47: 1.1 | W47: 0.717 | X47: 0.869 | Y47: 0 | Z47: 3073780998338 | AA47: 274 | AB47: 60 | AC47: BEL MIDDLE EAST GENERAL TRADING L.L | AD47: 24 | AE47: =A47 -> 114598
A48: 114599 | B48: REGAL PICON SLICE BURGER 12S 200G | C48: REGAL PICON | D48: K6 | F48: R | H48: EA | I48: EA | J48: 1 | K48: CAR | L48: 24 | M48: KG | N48: 5 | O48: TO | P48: 5000 | Q48: 0.2 | R48: 0.2 | S48: KG | T48: 3.4 | U48: 3.4 | V48: 1.1 | W48: 0.717 | X48: 0.869 | Y48: 0 | Z48: 3073780998352 | AA48: 274 | AB48: 60 | AC48: BEL MIDDLE EAST GENERAL TRADING L.L | AD48: 24 | AE48: =A48 -> 114599
A49: 114600 | B49: REGAL PICON SLICE CHEDDAR 24S 400G | C49: REGAL PICON | D49: K6 | F49: R | H49: EA | I49: EA | J49: 1 | K49: CAR | L49: 16 | M49: KG | N49: 25 | O49: TO | P49: 2500 | Q49: 0.4 | R49: 0.4 | S49: KG | T49: 6.8 | U49: 3.5 | V49: 1.1 | W49: 1.434 | X49: 1.738 | Y49: 0 | Z49: 3073780998376 | AA49: 274 | AB49: 60 | AC49: BEL MIDDLE EAST GENERAL TRADING L.L | AD49: 16 | AE49: =A49 -> 114600
A50: 133208 | B50: LES ENFANTS 32PORTION 480G | C50: LES ENFANTS | D50: K6 | F50: R | H50: EA | I50: EA | J50: 1 | K50: CAR | L50: 16 | M50: KG | N50: 1000 | O50: TO | P50: 6250 | Q50: 0.48 | R50: 0 | S50: KG | T50: 4.4 | U50: 4.4 | V50: 2.5 | W50: 1.332 | X50: 1.614 | Y50: 0 | Z50: 3073781021226 | AA50: 288 | AB50: 60 | AC50: BEL MIDDLE EAST GENERAL TRADING L.L | AD50: 16 | AE50: =A50 -> 133208
A51: 138937 | B51: MENTOS WHITE BOTTLE SWEETMINT | C51: MENTOS | D51: K6 | F51: R | G51: 856244 | H51: EA | I51: CV | J51: 6 | K51: EA | L51: 1 | M51: CAR | N51: 72 | P51: 0 | Q51: 0.04 | R51: 0.043 | S51: KG | T51: 5 | U51: 5 | V51: 7.5 | W51: 0.467 | X51: 0.631 | Y51: 0 | Z51: 8990800002873 | AA51: 540 | AB51: 30 | AC51: PERFETTI VAN MELLE INDONESIA | AD51: 72 | AE51: =A51 -> 138937
A52: 138938 | B52: MENTOS WHITE BOTTLE TUTTI FRUTTI | C52: MENTOS | D52: K6 | F52: R | G52: 856245 | H52: EA | I52: CV | J52: 6 | K52: EA | L52: 1 | M52: CAR | N52: 72 | P52: 0 | Q52: 0.04 | R52: 0.043 | S52: KG | T52: 2 | U52: 2 | V52: 9 | W52: 0.467 | X52: 0.631 | Y52: 0 | Z52: 8990800002873 | AA52: 540 | AB52: 30 | AC52: PERFETTI VAN MELLE INDONESIA | AD52: 72 | AE52: =A52 -> 138938
A53: 138939 | B53: MENTOS BOTTLE WINTER GREEN | C53: MENTOS | D53: K6 | F53: R | G53: 1508796 | H53: EA | I53: CV | J53: 6 | K53: EA | L53: 1 | M53: CAR | N53: 36 | P53: 0 | Q53: 0.04 | R53: 0.056 | S53: KG | T53: 4 | U53: 3 | V53: 8.5 | W53: 0.657 | X53: 0.889 | Y53: 0 | Z53: 8003440963227 | AA53: 540 | AB53: 60 | AC53: PERFETTI VAN MELLE INDONESIA | AD53: 36 | AE53: =A53 -> 138939
A54: 138940 | B54: MENTOS BOTTLE FRESH MINT | C54: MENTOS | D54: K6 | F54: R | G54: 1508976 | H54: EA | I54: CV | J54: 6 | K54: EA | L54: 1 | M54: CAR | N54: 36 | P54: 0 | Q54: 0.04 | R54: 0.056 | S54: KG | T54: 4 | U54: 3 | V54: 8.5 | W54: 0.657 | X54: 0.889 | Y54: 0 | Z54: 8003440963210 | AA54: 540 | AB54: 60 | AC54: PERFETTI VAN MELLE INDONESIA | AD54: 36 | AE54: =A54 -> 138940
A55: 138942 | B55: MENTOS BUBBLE GUM MIXED FRUIT | C55: MENTOS | D55: K6 | F55: R | G55: 1519897 | H55: EA | I55: CV | J55: 6 | K55: EA | L55: 1 | M55: CAR | N55: 36 | P55: 0 | Q55: 0.04 | R55: 0.065 | S55: KG | T55: 5 | U55: 5 | V55: 8 | W55: 0.657 | X55: 0.889 | Y55: 0 | Z55: 80759355 | AA55: 540 | AB55: 30 | AC55: PERFETTI VAN MELLE INDONESIA | AD55: 36 | AE55: =A55 -> 138942
A56: 138945 | B56: MENTOS POCKET BOTTLE FRESH MINT | C56: MENTOS | D56: K6 | F56: R | G56: 1508675 | H56: EA | I56: CV | J56: 10 | K56: EA | L56: 1 | M56: CAR | N56: 60 | P56: 0 | Q56: 0.04 | R56: 0.024 | S56: KG | T56: 2 | U56: 2 | V56: 13.5 | W56: 0.34 | X56: 0.462 | Y56: 0 | Z56: 80756637 | AA56: 540 | AB56: 60 | AC56: PERFETTI VAN MELLE INDONESIA | AD56: 60 | AE56: =A56 -> 138945
A57: 138946 | B57: MENTOS POCKET BOTTLE STRAWBERRY | C57: MENTOS | D57: K6 | F57: R | G57: 1508727 | H57: EA | I57: CV | J57: 10 | K57: EA | L57: 1 | M57: CAR | N57: 60 | P57: 0 | Q57: 0.04 | R57: 0.024 | S57: KG | T57: 2 | U57: 2 | V57: 13.5 | W57: 0.34 | X57: 0.462 | Y57: 0 | Z57: 8990800000015 | AA57: 540 | AB57: 60 | AC57: PERFETTI VAN MELLE INDONESIA | AD57: 60 | AE57: =A57 -> 138946
A58: 138947 | B58: MENTOS POCKET BOTTLE WATERMELON | C58: MENTOS | D58: K6 | F58: R | G58: 1508705 | H58: EA | I58: CV | J58: 10 | K58: EA | L58: 1 | M58: CAR | N58: 60 | P58: 0 | Q58: 0.04 | R58: 0.024 | S58: KG | T58: 2 | U58: 2 | V58: 13.5 | W58: 0.34 | X58: 0.462 | Y58: 0 | Z58: 8990800000176 | AA58: 540 | AB58: 60 | AC58: PERFETTI VAN MELLE INDONESIA | AD58: 60 | AE58: =A58 -> 138947
A59: 138948 | B59: MENTOS 3D FRESHMINT | C59: MENTOS | D59: K6 | F59: R | G59: 1539675 | H59: EA | I59: CV | J59: 15 | K59: EA | L59: 1 | M59: CAR | N59: 240 | P59: 0 | Q59: 0.02 | R59: 0.034 | S59: KG | T59: 9 | U59: 1.5 | V59: 5 | W59: 0.296 | X59: 0.4 | Y59: 0 | Z59: 80945086 | AA59: 540 | AB59: 60 | AC59: PERFETTI VAN MELLE INDONESIA | AD59: 240 | AE59: =A59 -> 138948
A60: 152859 | B60: REGAL PICON 8PORTION (X40) | C60: REGAL PICON | D60: K6 | F60: R | H60: EA | I60: EA | J60: 1 | K60: CAR | L60: 40 | M60: KG | N60: 8333 | O60: TO | P60: 8333 | Q60: 0.12 | R60: 0.12 | S60: KG | T60: 4.4 | U60: 4.4 | V60: 0.9 | W60: 0.337 | X60: 0.408 | Y60: 0 | Z60: 3251350126002 | AA60: 288 | AB60: 60 | AC60: BEL MIDDLE EAST GENERAL TRADING L.L | AD60: 40 | AE60: =A60 -> 152859
A61: 152860 | B61: LES ENFANTS 8PORTION (X40) | C61: LES ENFANTS | D61: K6 | F61: R | H61: EA | I61: EA | J61: 1 | K61: CAR | L61: 40 | M61: KG | N61: 8333 | O61: TO | P61: 8333 | Q61: 0.14 | R61: 0.12 | S61: KG | T61: 11 | U61: 11 | V61: 2 | W61: 0.337 | X61: 0.408 | Y61: 0 | Z61: 3073780905817 | AA61: 288 | AB61: 60 | AC61: BEL MIDDLE EAST GENERAL TRADING L.L | AD61: 40 | AE61: =A61 -> 152860
A62: 155145 | B62: REGAL PICON 40POR (5X8P) NEW | C62: REGAL PICON | D62: K6 | F62: P1 | H62: SET | I62: EA | J62: 1 | K62: CAR | L62: 8 | M62: KG | N62: 1667 | O62: SET | P62: 1 | Q62: 0.62 | R62: 4.8 | S62: KG | T62: 4.4 | U62: 4.4 | V62: 4.5 | W62: 1.307 | X62: 1.585 | Y62: 0 | Z62: 3073781059793 | AA62: 288 | AB62: 60 | AC62: BEL MIDDLE EAST GENERAL TRADING L.L | AD62: 8 | AE62: =A62 -> 155145
A63: 155146 | B63: LES ENFANTS 40POR (5X8P) NEW | C63: LES ENFANTS | D63: K6 | F63: P1 | H63: SET | I63: EA | J63: 1 | K63: CAR | L63: 8 | M63: KG | N63: 1667 | O63: SET | P63: 1 | Q63: 0.62 | R63: 4.8 | S63: KG | T63: 4.4 | U63: 4.4 | V63: 4.5 | W63: 1.295 | X63: 1.567 | Y63: 0 | Z63: 3073780959704 | AA63: 288 | AB63: 60 | AC63: BEL MIDDLE EAST GENERAL TRADING L.L | AD63: 8 | AE63: =A63 -> 155146
A64: 155147 | B64: LA VACHE QUIRIT 8PORTION (X40) | C64: LA VACHE QUIRIT | D64: K6 | F64: R | H64: EA | I64: EA | J64: 1 | K64: CAR | L64: 40 | M64: KG | N64: 8333 | O64: TO | P64: 8333 | Q64: 0.12 | R64: 0.12 | S64: KG | T64: 4.4 | U64: 4.4 | V64: 0.9 | W64: 0.434 | X64: 0.525 | Y64: 0 | Z64: 3073786155186 | AA64: 288 | AB64: 60 | AC64: BEL MIDDLE EAST GENERAL TRADING L.L | AD64: 40 | AE64: =A64 -> 155147
A65: 159579 | B65: DM(48) LM TUNA IN BRINE 185GM | C65: DELMONTE | F65: R | H65: EA | I65: EA | J65: 1 | K65: CAR | L65: 48 | N65: 0 | P65: 0 | Q65: 0.22 | R65: 0 | S65: KG | T65: 8.5 | U65: 7.5 | V65: 4 | W65: 0.478 | X65: 0.801 | Y65: 0 | Z65: 736211763730 | AA65: 729 | AB65: 60 | AC65: DEL MONTE FOODS (U.A.E) FZE | AD65: 48 | AE65: =A65 -> 159579
A66: 159580 | B66: DM(48) LM TUNA IN OIL 185GM | C66: DELMONTE | F66: R | H66: EA | I66: EA | J66: 1 | K66: CAR | L66: 48 | N66: 0 | P66: 0 | Q66: 0.22 | R66: 0 | S66: KG | T66: 8.5 | U66: 7.5 | V66: 4 | W66: 0.485 | X66: 0.803 | Y66: 0 | Z66: 736211763631 | AA66: 729 | AB66: 60 | AC66: DEL MONTE FOODS (U.A.E) FZE | AD66: 48 | AE66: =A66 -> 159580
A67: 159661 | B67: DELMONTE WM TUNA IN BRINE 185GM | C67: DELMONTE | F67: R | H67: EA | I67: EA | J67: 1 | K67: CAR | L67: 48 | N67: 0 | P67: 0 | Q67: 0.22 | R67: 0 | S67: KG | T67: 8.5 | U67: 7.5 | V67: 4 | W67: 0.562 | X67: 0.851 | Y67: 0 | Z67: 736211763938 | AA67: 729 | AB67: 60 | AC67: DEL MONTE FOODS (U.A.E) FZE | AD67: 48 | AE67: =A67 -> 159661
A68: 159662 | B68: DELMONTE WM TUNA IN OIL 185GM | C68: DELMONTE | F68: R | H68: EA | I68: EA | J68: 1 | K68: CAR | L68: 48 | N68: 0 | P68: 0 | Q68: 0.22 | R68: 0 | S68: KG | T68: 8.5 | U68: 7.5 | V68: 4 | W68: 0.57 | X68: 0.852 | Y68: 0 | Z68: 736211763839 | AA68: 729 | AB68: 60 | AC68: DEL MONTE FOODS (U.A.E) FZE | AD68: 48 | AE68: =A68 -> 159662
A69: 159749 | B69: DELMONTE TUNA CHUNK IN BRINE 185GM | C69: DELMONTE | F69: R | H69: EA | I69: EA | J69: 1 | K69: CAR | L69: 48 | N69: 0 | P69: 0 | Q69: 0.22 | R69: 0 | S69: KG | T69: 8.5 | U69: 7.5 | V69: 4 | W69: 0.443 | X69: 0.704 | Y69: 0 | Z69: 24000155997 | AA69: 729 | AB69: 60 | AC69: DEL MONTE FOODS (U.A.E) FZE | AD69: 48 | AE69: =A69 -> 159749
A70: 159750 | B70: DELMONTE TUNA CHUNK IN OIL 185GM | C70: DELMONTE | F70: R | H70: EA | I70: EA | J70: 1 | K70: CAR | L70: 48 | N70: 0 | P70: 0 | Q70: 0.22 | R70: 0 | S70: KG | T70: 8.5 | U70: 7.5 | V70: 4 | W70: 0.45 | X70: 0.706 | Y70: 0 | Z70: 24000156000 | AA70: 729 | AB70: 60 | AC70: DEL MONTE FOODS (U.A.E) FZE | AD70: 48 | AE70: =A70 -> 159750
A71: 164357 | B71: DEVON CREAM CRACKERS 200G | C71: DEVON | E71: 95399 | F71: R | H71: PAC | I71: EA | J71: 1 | K71: CAR | L71: 24 | M71: PAC | N71: 1 | O71: TO | P71: 5000 | Q71: 0.23 | R71: 0.2 | S71: KG | T71: 17 | U71: 7 | V71: 7 | W71: 0.304 | X71: 0.381 | Y71: 0 | Z71: 5351904104031 | AA71: 540 | AB71: 93 | AC71: CONSOLIDATED BISCUIT CO.LTD | AD71: 24 | AE71: =A71 -> 164357
A72: 164412 | B72: TOVA JAM ASSTD 2X450 GM PB | C72: TOVA | E72: 95619 | F72: P | H72: SET | I72: EA | J72: 1 | K72: CAR | L72: 6 | M72: SET | N72: 1 | P72: 0 | Q72: 0.66 | R72: 0.9 | S72: KG | T72: 6.5 | U72: 7 | V72: 14 | W72: 0.623 | X72: 1.277 | Y72: 0 | Z72: 6221024199547 | AA72: 730 | AB72: 93 | AC72: HERO NUTRITIONAL FOOD INDUSTRIES S. | AD72: 6 | AE72: =A72 -> 164412
A73: 164416 | B73: TOVA JAM STRAWBERRY 450G | C73: TOVA | E73: 95624 | F73: R | H73: BT | I73: BT | J73: 1 | K73: EA | L73: 1 | M73: CAR | N73: 12 | P73: 0 | Q73: 0.64 | R73: 0.45 | S73: KG | T73: 14 | U73: 7 | V73: 7 | W73: 0.569 | X73: 0.77 | Y73: 0 | Z73: 8711173007605 | AA73: 730 | AB73: 93 | AC73: HERO NUTRITIONAL FOOD INDUSTRIES S. | AD73: 12 | AE73: =A73 -> 164416
A74: 164417 | B74: TOVA JAM APRICOT 450G | C74: TOVA | E74: 95625 | F74: R | H74: BT | I74: BT | J74: 1 | K74: EA | L74: 1 | M74: CAR | N74: 12 | P74: 0 | Q74: 0.66 | R74: 0.45 | S74: KG | T74: 6.5 | U74: 7 | V74: 14 | W74: 0.569 | X74: 0.77 | Y74: 0 | Z74: 8711173007612 | AA74: 730 | AB74: 93 | AC74: HERO NUTRITIONAL FOOD INDUSTRIES S. | AD74: 12 | AE74: =A74 -> 164417
A75: 164418 | B75: TOVA JAM RASPBERRY 450G | C75: TOVA | E75: 95626 | F75: R | H75: BT | I75: BT | J75: 1 | K75: EA | L75: 1 | M75: CAR | N75: 12 | P75: 0 | Q75: 0.66 | R75: 0.45 | S75: KG | T75: 6.5 | U75: 7 | V75: 14 | W75: 0.569 | X75: 0.77 | Y75: 0 | Z75: 8711173007636 | AA75: 730 | AB75: 93 | AC75: HERO NUTRITIONAL FOOD INDUSTRIES S. | AD75: 12 | AE75: =A75 -> 164418
A76: 164419 | B76: TOVA JAM PINEAPPLE 450G | C76: TOVA | E76: 95627 | F76: R | H76: BT | I76: BT | J76: 1 | K76: EA | L76: 1 | M76: CAR | N76: 12 | P76: 0 | Q76: 0.66 | R76: 0.45 | S76: KG | T76: 6.5 | U76: 7 | V76: 14 | W76: 0.569 | X76: 0.77 | Y76: 0 | Z76: 8711173007643 | AA76: 730 | AB76: 93 | AC76: HERO NUTRITIONAL FOOD INDUSTRIES S. | AD76: 12 | AE76: =A76 -> 164419
A77: 164420 | B77: TOVA JAM MIXFRUIT 450G | C77: TOVA | E77: 95628 | F77: R | H77: BT | I77: BT | J77: 1 | K77: EA | L77: 1 | M77: CAR | N77: 12 | P77: 0 | Q77: 0.66 | R77: 0.45 | S77: KG | T77: 6.5 | U77: 7 | V77: 14 | W77: 0.569 | X77: 0.77 | Y77: 0 | Z77: 8711173007650 | AA77: 730 | AB77: 93 | AC77: HERO NUTRITIONAL FOOD INDUSTRIES S. | AD77: 12 | AE77: =A77 -> 164420
A78: 164422 | B78: TOVA JAM FIG 450G | C78: TOVA | E78: 95632 | F78: R | H78: BT | I78: BT | J78: 1 | K78: EA | L78: 1 | M78: CAR | N78: 12 | P78: 0 | Q78: 0.68 | R78: 0.45 | S78: KG | T78: 8 | U78: 8 | V78: 13.5 | W78: 0.569 | X78: 0.715 | Y78: 0 | Z78: 8711173007698 | AA78: 730 | AB78: 93 | AC78: HERO NUTRITIONAL FOOD INDUSTRIES S. | AD78: 12 | AE78: =A78 -> 164422
A79: 164423 | B79: HERO BABY APPLE COMPOTE 125GM | C79: HERO BABY | E79: 95668 | F79: R | H79: EA | I79: EA | J79: 1 | K79: CAR | L79: 12 | N79: 0 | P79: 0 | Q79: 0.23 | R79: 0 | S79: KG | T79: 5.5 | U79: 5.5 | V79: 7 | W79: 0.349 | X79: 0.456 | Y79: 0 | Z79: 8690504550594 | AA79: 540 | AB79: 93 | AC79: HERO NUTRITIONAL FOOD INDUSTRIES S. | AD79: 12 | AE79: =A79 -> 164423
A80: 164425 | B80: HERO BABY JAR BANANA 125GM | C80: HERO BABY | E80: 95672 | F80: R | H80: EA | I80: EA | J80: 1 | K80: CAR | L80: 12 | N80: 0 | P80: 0 | Q80: 0.23 | R80: 0 | S80: KG | T80: 6 | U80: 6 | V80: 7 | W80: 0.349 | X80: 0.456 | Y80: 0 | Z80: 8690504550587 | AA80: 540 | AB80: 93 | AC80: HERO NUTRITIONAL FOOD INDUSTRIES S. | AD80: 12 | AE80: =A80 -> 164425
A81: 164426 | B81: HERO BABY JAR 3FRUIT 125 GM | C81: HERO BABY | E81: 95673 | F81: R | H81: EA | I81: EA | J81: 1 | K81: CAR | L81: 12 | N81: 0 | P81: 0 | Q81: 0.23 | R81: 0 | S81: KG | T81: 6 | U81: 6 | V81: 7 | W81: 0.349 | X81: 0.456 | Y81: 0 | Z81: 8690504550570 | AA81: 540 | AB81: 93 | AC81: HERO NUTRITIONAL FOOD INDUSTRIES S. | AD81: 12 | AE81: =A81 -> 164426
A82: 164427 | B82: HERO BABY JAR MANGO BANANA 125 GM | C82: HERO BABY | E82: 95674 | F82: R | H82: EA | I82: EA | J82: 1 | K82: CAR | L82: 12 | N82: 0 | P82: 0 | Q82: 0.23 | R82: 0 | S82: KG | T82: 6 | U82: 6 | V82: 7 | W82: 0.349 | X82: 0.456 | Y82: 0 | Z82: 8690504550648 | AA82: 540 | AB82: 93 | AC82: HERO NUTRITIONAL FOOD INDUSTRIES S. | AD82: 12 | AE82: =A82 -> 164427
A83: 164428 | B83: HERO BABY JAR MIX FRUIT 125 GM | C83: HERO BABY | E83: 95675 | F83: R | H83: EA | I83: EA | J83: 1 | K83: CAR | L83: 12 | N83: 0 | P83: 0 | Q83: 0.23 | R83: 0 | S83: KG | T83: 5.5 | U83: 5.5 | V83: 7 | W83: 0.349 | X83: 0.456 | Y83: 0 | Z83: 8690504550655 | AA83: 540 | AB83: 93 | AC83: HERO NUTRITIONAL FOOD INDUSTRIES S. | AD83: 12 | AE83: =A83 -> 164428
A84: 164429 | B84: HERO BABY JAR MIX VEGETABLE 120 GM | C84: HERO BABY | E84: 95676 | F84: R | H84: EA | I84: EA | J84: 1 | K84: CAR | L84: 12 | N84: 0 | P84: 0 | Q84: 0.22 | R84: 0 | S84: KG | T84: 6 | U84: 6 | V84: 7 | W84: 0.349 | X84: 0.441 | Y84: 0 | Z84: 8690504550686 | AA84: 540 | AB84: 93 | AC84: HERO NUTRITIONAL FOOD INDUSTRIES S. | AD84: 12 | AE84: =A84 -> 164429
A85: 164430 | B85: HERO BABY BANANA MANDARIN PEAR 125 GM | C85: HERO BABY | D85: K6 | E85: 95677 | F85: R | H85: EA | I85: EA | J85: 1 | K85: CAR | L85: 12 | N85: 0 | P85: 0 | Q85: 0.1 | R85: 0 | S85: KG | T85: 3.5 | U85: 3.5 | V85: 9 | W85: 0.349 | X85: 0.456 | Y85: 0 | Z85: 8690504550631 | AA85: 540 | AB85: 93 | AC85: HERO NUTRITIONAL FOOD INDUSTRIES S. | AD85: 12 | AE85: =A85 -> 164430
A86: 164431 | B86: HERO BABY JAR PEACH BANANA 125 GM | C86: HERO BABY | E86: 95678 | F86: R | H86: EA | I86: EA | J86: 1 | K86: CAR | L86: 12 | N86: 0 | P86: 0 | Q86: 0.23 | R86: 0 | S86: KG | T86: 6 | U86: 6 | V86: 7 | W86: 0.349 | X86: 0.456 | Y86: 0 | Z86: 8690504550662 | AA86: 540 | AB86: 93 | AC86: HERO NUTRITIONAL FOOD INDUSTRIES S. | AD86: 12 | AE86: =A86 -> 164431
A87: 165099 | B87: DM(24) MIXED VEGETABLES 425GM | C87: DELMONTE | E87: 131485 | F87: R | H87: EA | I87: EA | J87: 1 | K87: CAR | L87: 24 | N87: 0 | P87: 0 | Q87: 0.5 | R87: 0.425 | S87: KG | T87: 7.5 | U87: 7.5 | V87: 11 | W87: 0.366 | X87: 0.442 | Y87: 0 | Z87: 24000238171 | AA87: 729 | AB87: 90 | AC87: DEL MONTE FOODS (U.A.E) FZE | AD87: 24 | AE87: =A87 -> 165099
A88: 165100 | B88: DM(24) GARDEN PEAS 425GM | C88: DELMONTE | E88: 131486 | F88: R | H88: EA | I88: EA | J88: 1 | K88: CAR | L88: 24 | N88: 0 | P88: 0 | Q88: 0.48 | R88: 0.425 | S88: KG | T88: 7.5 | U88: 7.5 | V88: 11 | W88: 0.387 | X88: 0.453 | Y88: 0 | Z88: 24000238188 | AA88: 729 | AB88: 90 | AC88: DEL MONTE FOODS (U.A.E) FZE | AD88: 24 | AE88: =A88 -> 165100
A89: 165101 | B89: DM(24) PEAS & CARROTS 425GM | C89: DELMONTE | E89: 131487 | F89: R | H89: EA | I89: EA | J89: 1 | K89: CAR | L89: 24 | N89: 0 | P89: 0 | Q89: 0.5 | R89: 0.425 | S89: KG | T89: 7.5 | U89: 7.5 | V89: 11 | W89: 0.377 | X89: 0.444 | Y89: 0 | Z89: 24000238201 | AA89: 729 | AB89: 90 | AC89: DEL MONTE FOODS (U.A.E) FZE | AD89: 24 | AE89: =A89 -> 165101
A90: 176167 | B90: MENTOS 11P MINT | C90: MENTOS | D90: K6 | F90: R | H90: EA | I90: CV | J90: 24 | K90: EA | L90: 1 | M90: CAR | N90: 288 | P90: 0 | Q90: 0.03 | R90: 0 | S90: KG | T90: 2 | U90: 2 | V90: 10.5 | W90: 0.068 | X90: 0.092 | Y90: 0 | Z90: 8990800015224 | AA90: 540 | AB90: 60 | AC90: PERFETTI VAN MELLE INDONESIA | AD90: 288 | AE90: =A90 -> 176167
A91: 176168 | B91: MENTOS 11P FRUIT | C91: MENTOS | D91: K6 | F91: R | H91: EA | I91: CV | J91: 24 | K91: EA | L91: 1 | M91: CAR | N91: 288 | P91: 0 | Q91: 0.03 | R91: 0 | S91: KG | T91: 2 | U91: 2 | V91: 10 | W91: 0.068 | X91: 0.092 | Y91: 0 | Z91: 8990800015255 | AA91: 540 | AB91: 60 | AC91: PERFETTI VAN MELLE INDONESIA | AD91: 288 | AE91: =A91 -> 176168
A92: 176169 | B92: MENTOS 11P STRAWBERRY | C92: MENTOS | D92: K6 | F92: R | H92: EA | I92: CV | J92: 24 | K92: EA | L92: 1 | M92: CAR | N92: 288 | P92: 0 | Q92: 0.03 | R92: 0 | S92: KG | T92: 2 | U92: 2 | V92: 10 | W92: 0.068 | X92: 0.092 | Y92: 0 | Z92: 8990800015286 | AA92: 540 | AB92: 60 | AC92: PERFETTI VAN MELLE INDONESIA | AD92: 288 | AE92: =A92 -> 176169
A93: 176170 | B93: MENTOS 11P TUTTI FRUTTI | C93: MENTOS | D93: K6 | F93: R | H93: EA | I93: CV | J93: 24 | K93: EA | L93: 1 | M93: CAR | N93: 288 | P93: 0 | Q93: 0.03 | R93: 0 | S93: KG | T93: 2 | U93: 2 | V93: 10.5 | W93: 0.068 | X93: 0.092 | Y93: 0 | Z93: 8990800015316 | AA93: 540 | AB93: 60 | AC93: PERFETTI VAN MELLE INDONESIA | AD93: 288 | AE93: =A93 -> 176170
A94: 176171 | B94: MENTOS 11P RAINBOW | C94: MENTOS | D94: K6 | F94: R | H94: EA | I94: CV | J94: 24 | K94: EA | L94: 1 | M94: CAR | N94: 288 | P94: 0 | Q94: 0.03 | R94: 0 | S94: KG | T94: 2 | U94: 2 | V94: 10.5 | W94: 0.068 | X94: 0.092 | Y94: 0 | Z94: 8990800015347 | AA94: 540 | AB94: 60 | AC94: PERFETTI VAN MELLE INDONESIA | AD94: 288 | AE94: =A94 -> 176171
A95: 176172 | B95: MENTOS 14P FRUIT | C95: MENTOS | D95: K6 | F95: R | H95: EA | I95: CV | J95: 20 | K95: EA | L95: 1 | M95: CAR | N95: 160 | P95: 0 | Q95: 0.04 | R95: 0 | S95: KG | T95: 2 | U95: 2 | V95: 13.5 | W95: 0.073 | X95: 0.094 | Y95: 0 | Z95: 8990800000053 | AA95: 540 | AB95: 60 | AC95: PERFETTI VAN MELLE INDONESIA | AD95: 160 | AE95: =A95 -> 176172
A96: 176174 | B96: MENTOS JARS MINT | C96: MENTOS | D96: K6 | F96: R | H96: EA | I96: CV | J96: 1 | K96: EA | L96: 1 | M96: CAR | N96: 6 | P96: 0 | Q96: 0.65 | R96: 0 | S96: KG | T96: 11 | U96: 11 | V96: 19 | W96: 1.413 | X96: 1.911 | Y96: 0 | Z96: 8990800001807 | AA96: 540 | AB96: 60 | AC96: PERFETTI VAN MELLE INDONESIA | AD96: 6 | AE96: =A96 -> 176174
A97: 176175 | B97: MENTOS JARS FRUIT | C97: MENTOS | D97: K6 | F97: R | H97: EA | I97: CV | J97: 1 | K97: EA | L97: 1 | M97: CAR | N97: 6 | P97: 0 | Q97: 0.65 | R97: 0 | S97: KG | T97: 11 | U97: 11 | V97: 19 | W97: 1.413 | X97: 1.911 | Y97: 0 | Z97: 8990800001814 | AA97: 540 | AB97: 60 | AC97: PERFETTI VAN MELLE INDONESIA | AD97: 6 | AE97: =A97 -> 176175
A98: 176176 | B98: MENTOS MINI BAGS | C98: MENTOS | D98: K6 | F98: R | H98: EA | I98: CV | J98: 1 | K98: EA | L98: 1 | M98: CAR | N98: 24 | P98: 0 | Q98: 0.28 | R98: 0 | S98: KG | T98: 14 | U98: 22 | V98: 2 | W98: 0.512 | X98: 0.691 | Y98: 0 | Z98: 8990800007793 | AA98: 540 | AB98: 60 | AC98: PERFETTI VAN MELLE INDONESIA | AD98: 24 | AE98: =A98 -> 176176
A99: 176188 | B99: SMINT ORIGINAL MINT | C99: SMINT | D99: K6 | F99: R | H99: EA | I99: CV | J99: 12 | K99: EA | L99: 1 | M99: CAR | N99: 144 | P99: 0 | Q99: 0.04 | R99: 0 | S99: KG | T99: 19 | U99: 5 | V99: 18.5 | W99: 0.31 | X99: 0.419 | Y99: 0 | Z99: 84155634 | AA99: 730 | AB99: 60 | AC99: PERFETTI VAN MELLE INDONESIA | AD99: 144 | AE99: =A99 -> 176188
A100: 176189 | B100: SMINT ORIGINAL PEPPERMINT | C100: SMINT | D100: K6 | F100: R | H100: EA | I100: CV | J100: 12 | K100: EA | L100: 1 | M100: CAR | N100: 144 | P100: 0 | Q100: 0.04 | R100: 0 | S100: KG | T100: 19 | U100: 5 | V100: 18.5 | W100: 0.31 | X100: 0.419 | Y100: 0 | Z100: 84158833 | AA100: 730 | AB100: 60 | AC100: PERFETTI VAN MELLE INDONESIA | AD100: 144 | AE100: =A100 -> 176189
A101: 176191 | B101: SMINT ORIGINAL WILDBERRY | C101: SMINT | D101: K6 | F101: R | H101: EA | I101: CV | J101: 12 | K101: EA | L101: 1 | M101: CAR | N101: 144 | P101: 0 | Q101: 0.07 | R101: 0 | S101: KG | T101: 19 | U101: 5 | V101: 18.5 | W101: 0.31 | X101: 0.419 | Y101: 0 | Z101: 84196033 | AA101: 540 | AB101: 60 | AC101: PERFETTI VAN MELLE INDONESIA | AD101: 144 | AE101: =A101 -> 176191
... A111: 176210 | B111: CHUPA CHUPS MELODY POP STRAWBERRY | C111: CHUPA CHUPS | D111: K6 | F111: R | H111: EA | I111: CV | J111: 48 | K111: EA | L111: 1 | M111: CAR | N111: 288 | P111: 0 | Q111: 0.27 | R111: 0 | S111: KG | T111: 2.5 | U111: 2 | V111: 12 | W111: 0.07 | X111: 0.095 | Y111: 0 | Z111: 84196842 | AA111: 730 | AB111: 60 | AC111: PERFETTI VAN MELLE INDONESIA | AD111: 288 | AE111: =A111 -> 176210
A112: 177009 | B112: REGAL PICON 48PORTION 720G | C112: REGAL PICON | D112: K6 | F112: R | H112: EA | I112: EA | J112: 1 | K112: CAR | L112: 8 | M112: KG | N112: 1389 | O112: TO | P112: 1389 | Q112: 0.8 | R112: 0 | S112: KG | T112: 11.5 | U112: 11.5 | V112: 10.5 | W112: 1.82 | X112: 2.206 | Y112: 0 | Z112: 3073781046601 | AA112: 288 | AB112: 60 | AC112: BEL MIDDLE EAST GENERAL TRADING L.L | AD112: 8 | AE112: =A112 -> 177009
A113: 177501 | B113: CHUPA CHUPS BAG TWIN PACK @ 25% OFF | C113: CHUPA CHUPS | D113: K6 | F113: P | H113: SET | I113: CV | J113: 1 | K113: EA | L113: 1 | M113: CAR | N113: 6 | O113: SET | P113: 1 | Q113: 0.13 | R113: 0 | S113: KG | T113: 15 | U113: 2.5 | V113: 18.5 | W113: 0.768 | X113: 1.043 | Y113: 0 | Z113: 1800000006939 | AA113: 730 | AB113: 63 | AC113: PERFETTI VAN MELLE INDONESIA | AD113: 6 | AE113: =A113 -> 177501
A114: 177778 | B114: DEVON LIGHT CREAM CRACKERS 200G | C114: DEVON | F114: R | G114: KRXXXX | H114: EA | I114: EA | J114: 1 | K114: CAR | L114: 24 | N114: 0 | P114: 0 | Q114: 0.26 | R114: 0 | S114: KG | T114: 17 | U114: 7 | V114: 7 | W114: 0.348 | X114: 0.435 | Y114: 0 | Z114: 5351904104048 | AA114: 540 | AB114: 93 | AC114: CONSOLIDATED BISCUIT CO.LTD | AD114: 24 | AE114: =A114 -> 177778
A115: 181554 | B115: CHUPA CHUPS JELLIES CRAZY COLA | C115: CHUPA CHUPS | D115: K6 | F115: R | H115: EA | I115: EA | J115: 1 | K115: CAR | L115: 12 | N115: 0 | P115: 0 | Q115: 0.1 | R115: 0 | S115: KG | T115: 11.5 | U115: 2.5 | V115: 11.5 | W115: 0.33 | X115: 0.446 | Y115: 0 | Z115: 6925425474363 | AA115: 450 | AB115: 60 | AC115: PERFETTI VAN MELLE INDONESIA | AD115: 12 | AE115: =A115 -> 181554
A116: 181557 | B116: CHUPA CHUPS JELLIES LOLLIES | C116: CHUPA CHUPS | D116: K6 | F116: R | H116: EA | I116: EA | J116: 1 | K116: CAR | L116: 12 | N116: 0 | P116: 0 | Q116: 0.1 | R116: 0 | S116: KG | T116: 11 | U116: 2 | V116: 16 | W116: 0.33 | X116: 0.446 | Y116: 0 | Z116: 6925425474387 | AA116: 450 | AB116: 60 | AC116: PERFETTI VAN MELLE INDONESIA | AD116: 12 | AE116: =A116 -> 181557
A117: 181558 | B117: CHUPA CHUPS JELLIES PINKIES | C117: CHUPA CHUPS | D117: K6 | F117: R | H117: EA | I117: EA | J117: 1 | K117: CAR | L117: 12 | N117: 0 | P117: 0 | Q117: 0.1 | R117: 0 | S117: KG | T117: 11 | U117: 2 | V117: 16 | W117: 0.33 | X117: 0.446 | Y117: 0 | Z117: 6925425474462 | AA117: 450 | AB117: 60 | AC117: PERFETTI VAN MELLE INDONESIA | AD117: 12 | AE117: =A117 -> 181558
A118: 181559 | B118: CHUPA CHUPS JELLIES SOUR GECKO | C118: CHUPA CHUPS | D118: K6 | F118: R | H118: EA | I118: EA | J118: 1 | K118: CAR | L118: 12 | N118: 0 | P118: 0 | Q118: 0.12 | R118: 0 | S118: KG | T118: 11.5 | U118: 2.5 | V118: 17.5 | W118: 0.33 | X118: 0.446 | Y118: 0 | Z118: 6925425474424 | AA118: 450 | AB118: 60 | AC118: PERFETTI VAN MELLE INDONESIA | AD118: 12 | AE118: =A118 -> 181559
A119: 182808 | B119: KIRI 6PORTION 108G | C119: KIRI | D119: K6 | F119: R | H119: EA | I119: EA | J119: 1 | K119: CAR | L119: 60 | M119: KG | N119: 9259 | O119: TO | P119: 9259 | Q119: 0.12 | R119: 0 | S119: KG | T119: 8.5 | U119: 2 | V119: 14 | W119: 0.491 | X119: 0.594 | Y119: 0 | Z119: 3073780839631 | AA119: 301 | AB119: 30 | AC119: BEL MIDDLE EAST GENERAL TRADING L.L | AD119: 60 | AE119: =A119 -> 182808
A120: 182809 | B120: KIRI 12PORTION 216G | C120: KIRI | D120: K6 | F120: R | H120: EA | I120: EA | J120: 1 | K120: CAR | L120: 40 | M120: KG | N120: 463 | O120: TO | P120: 4630 | Q120: 0.25 | R120: 0 | S120: KG | T120: 9 | U120: 2 | V120: 25.5 | W120: 0.915 | X120: 1.11 | Y120: 0 | Z120: 3073780624435 | AA120: 301 | AB120: 30 | AC120: BEL MIDDLE EAST GENERAL TRADING L.L | AD120: 40 | AE120: =A120 -> 182809
A121: 183930 | B121: MENTOS XL WHITE BOTTLE STRAWBERRY | C121: MENTOS | D121: K6 | F121: R | H121: EA | I121: CV | J121: 6 | K121: EA | L121: 1 | M121: CAR | N121: 48 | P121: 0 | Q121: 0.1 | R121: 0 | S121: KG | T121: 11 | U121: 2 | V121: 16 | W121: 0.815 | X121: 1.087 | Y121: 0 | Z121: 8935001722519 | AA121: 540 | AB121: 60 | AC121: PERFETTI VAN MELLE INDONESIA | AD121: 48 | AE121: =A121 -> 183930
A122: 184051 | B122: MENTOS XL WHITE BOTTLE SPEARMINT | C122: MENTOS | D122: K6 | F122: R | H122: EA | I122: CV | J122: 6 | K122: EA | L122: 1 | M122: CAR | N122: 48 | P122: 0 | Q122: 0.1 | R122: 0 | S122: KG | T122: 11 | U122: 2 | V122: 16 | W122: 0.815 | X122: 1.087 | Y122: 0 | Z122: 8935001722533 | AA122: 540 | AB122: 60 | AC122: PERFETTI VAN MELLE INDONESIA | AD122: 48 | AE122: =A122 -> 184051
...
