Workbook

Sheet Lulu
A1: LULU CODE | B1: PRODUCT | C1: PACKING | D1: ORDER | E1: BARCODES | F1: KR CODE | G1: REMARKS | H1: NEW PRICE
A2: 100565 | B2: 8 Portions RP | C2: 40x120gm | D2: Ctn | E2: 3251350126002 | F2: 152859 | G2: =IFERROR(VLOOKUP(F2,[1]Lulu!$E:$F,2,0),"") -> 100565 | H2: =IFERROR(G2-A2,"") -> 0
A3: 100567 | B3: 16 Portions | C3: 32x240gm | D3: Ctn | E3: 3073780896504 | F3: 94576 | G3: =IFERROR(VLOOKUP(F3,[1]Lulu!$E:$F,2,0),"") -> 100567 | H3: =IFERROR(G3-A3,"") -> 0
A4: 71252 | B4: 24 Portions | C4: 24x360gm | D4: Ctn | E4: 3073780896528 | F4: 94581 | G4: =IFERROR(VLOOKUP(F4,[1]Lulu!$E:$F,2,0),"") -> 71252 | H4: =IFERROR(G4-A4,"") -> 0
A5: 347068 | B5: 32 Portions | C5: 16x480gm | D5: Ctn | E5: 3073780896542 | F5: 94590 | G5: =IFERROR(VLOOKUP(F5,[1]Lulu!$E:$F,2,0),"") -> 347068 | H5: =IFERROR(G5-A5,"") -> 0
A6: 983035 | B6: 48 Portions | C6: 1x720gm | D6: Pcs | E6: 3073781046601 | F6: 177009 | G6: =IFERROR(VLOOKUP(F6,[1]Lulu!$E:$F,2,0),"") -> 983035 | H6: =IFERROR(G6-A6,"") -> 0
A7: 655536 | B7: R.P Slices Burger | C7: 24x200gm | D7: Ctn | E7: 3073780998352 | F7: 114599 | G7: =IFERROR(VLOOKUP(F7,[1]Lulu!$E:$F,2,0),"") -> 655536 | H7: =IFERROR(G7-A7,"") -> 0
A8: 655534 | B8: R.P Slices Cheddar | C8: 24x200gm | D8: Ctn | E8: 3073780998338 | F8: 114598 | G8: =IFERROR(VLOOKUP(F8,[1]Lulu!$E:$F,2,0),"") -> 655534 | H8: =IFERROR(G8-A8,"") -> 0
A9: 655535 | B9: R.P Slices Family | C9: 16x400gm | D9: Ctn | E9: 3073780998376 | F9: 114600 | G9: =IFERROR(VLOOKUP(F9,[1]Lulu!$E:$F,2,0),"") -> 655535 | H9: =IFERROR(G9-A9,"") -> 0
A10: 657347 | B10: R.P Slice 2x200g - 20% off | D10: Set | E10: 1800000005192 | F10: 122516 | G10: =IFERROR(VLOOKUP(F10,[1]Lulu!$E:$F,2,0),"") -> 657347 | H10: =IFERROR(G10-A10,"") -> 0
A11: 1214623 | B11: R.P.Slice 400gm -20%off | D11: Set | E11: 1800000008148 | G11: =IFERROR(VLOOKUP(F11,[1]Lulu!$E:$F,2,0),"") | H11: =IFERROR(G11-A11,"")
A12: 575539 | B12: Regal Picon White Jar 240G | C12: 24 x 240g | D12: Ctn | E12: 3073781125627 | F12: 293087 | G12: =IFERROR(VLOOKUP(F12,[1]Lulu!$E:$F,2,0),"") -> 575539 | H12: =IFERROR(G12-A12,"") -> 0
A13: 575538 | B13: Regal Picon White Jar 500G | C13: 12 x 500g | D13: Ctn | E13: 3073781125634 | F13: 293088 | G13: =IFERROR(VLOOKUP(F13,[1]Lulu!$E:$F,2,0),"") -> 575538 | H13: =IFERROR(G13-A13,"") -> 0
A14: 1646509 | B14: Regal Picon White Jar 900G | C14: 6 x 900g | D14: Pcs | E14: 3073781125641 | F14: 293293 | G14: =IFERROR(VLOOKUP(F14,[1]Lulu!$E:$F,2,0),"") -> 1646509 | H14: =IFERROR(G14-A14,"") -> 0
A15: 1676485 | B15: Regal Picon White Jar- 3X240G | C15: 8x3x240g | D15: Set | E15: 3073781136982 | F15: 313207 | G15: =IFERROR(VLOOKUP(F15,[1]Lulu!$E:$F,2,0),"") -> 1676485 | H15: =IFERROR(G15-A15,"") -> 0
A16: 586001 | B16: Regal Picon White Jar 2x500Gpromo | C16: 6x2x500g | D16: Set | E16: 3073781134537 | F16: 293294 | G16: =IFERROR(VLOOKUP(F16,[1]Lulu!$E:$F,2,0),"") -> 586001 | H16: =IFERROR(G16-A16,"") -> 0
A17: 1657510 | B17: Regal Picon White Jar 2x900Gpromo | C17: 3x2x900g | D17: Set | E17: 3073781134193 | F17: 293732 | G17: =IFERROR(VLOOKUP(F17,[1]Lulu!$E:$F,2,0),"") -> 1657510 | H17: =IFERROR(G17-A17,"") -> 0
A18: 257160 | B18: Picon Portion Promo | C18: 2x480gm | D18: Set | E18: 3073781053616 | F18: 94595 | G18: =IFERROR(VLOOKUP(F18,[1]Lulu!$E:$F,2,0),"") -> 257160 | H18: =IFERROR(G18-A18,"") -> 0
A19: 590615 | B19: Picon Portion Promo | C19: 5x120gm | D19: Set | E19: 3073781059793 | F19: 155145 | G19: =IFERROR(VLOOKUP(F19,[1]Lulu!$E:$F,2,0),"") -> 590615 | H19: =IFERROR(G19-A19,"") -> 0
A20: 401846 | B20: Picon Portion Promo | C20: 3X360gm | D20: Set | E20: 3073780992114 | F20: 94589 | G20: =IFERROR(VLOOKUP(F20,[1]Lulu!$E:$F,2,0),"") -> 401846 | H20: =IFERROR(G20-A20,"") -> 0
A21: 537522 | B21: Picon 4x8p Ro-1 | C21: 4x8x480gm | D21: Set | E21: 3073780977869 | F21: 395985 | G21: =IFERROR(VLOOKUP(H21,[1]Lulu!$E:$F,2,0),"") -> 537522 | H21: 252498 | I21: CODE OLD
A22: 8310 | B22: 8 Portions | C22: 1x120gm | D22: Pcs | E22: 3073780905817 | F22: 152860 | G22: =IFERROR(VLOOKUP(F22,[1]Lulu!$E:$F,2,0),"") -> 8310 | H22: =IFERROR(G22-A22,"") -> 0
A23: 302650 | B23: 24 Portions | C23: 24x360gm | D23: Ctn | E23: 3073780905831 | F23: 94649 | G23: =IFERROR(VLOOKUP(F23,[1]Lulu!$E:$F,2,0),"") -> 302650 | H23: =IFERROR(G23-A23,"") -> 0
A24: 976946 | B24: 32 Portions | C24: 1x480gm | D24: Pcs | F24: 133208 | G24: =IFERROR(VLOOKUP(F24,[1]Lulu!$E:$F,2,0),"") -> 976946 | H24: =IFERROR(G24-A24,"") -> 0
A25: 1081171 | B25: 48 Portions | C25: 1x720gm | D25: Pcs | F25: 202753 | G25: =IFERROR(VLOOKUP(F25,[1]Lulu!$E:$F,2,0),"") -> 1081171 | H25: =IFERROR(G25-A25,"") -> 0
A26: 410607 | B26: 40 Portions | C26: 5x120gm | D26: Set | E26: 3073780959704 | F26: 155146 | G26: =IFERROR(VLOOKUP(F26,[1]Lulu!$E:$F,2,0),"") -> 410607 | H26: =IFERROR(G26-A26,"") -> 0
A27: 401780 | B27: Le Enfants Promo | C27: 3x360gm | D27: Set | E27: 3251350000265 | F27: 94654 | G27: =IFERROR(VLOOKUP(F27,[1]Lulu!$E:$F,2,0),"") -> 401780 | H27: =IFERROR(G27-A27,"") -> 0
A28: 8209 | B28: 8 Portions LVQR | C28: 40x120gm | D28: Ctn | E28: 3073786155186 | F28: 155147 | G28: =IFERROR(VLOOKUP(F28,[1]Lulu!$E:$F,2,0),"") -> 8209 | H28: =IFERROR(G28-A28,"") -> 0
A29: 8214 | B29: 16 Portions | C29: 32x240gm | D29: Ctn | E29: 3073780574242 | F29: 94659 | G29: =IFERROR(VLOOKUP(F29,[1]Lulu!$E:$F,2,0),"") -> 8214 | H29: =IFERROR(G29-A29,"") -> 0
A30: 8216 | B30: 24 Portions | C30: 24x360gm | D30: Ctn | E30: 3073780574310 | F30: 94661 | G30: =IFERROR(VLOOKUP(F30,[1]Lulu!$E:$F,2,0),"") -> 8216 | H30: =IFERROR(G30-A30,"") -> 0
A31: 8218 | B31: 32 Portions | C31: 16x480gm | D31: Ctn | E31: 3073780593083 | F31: 94664 | G31: =IFERROR(VLOOKUP(F31,[1]Lulu!$E:$F,2,0),"") -> 8218 | H31: =IFERROR(G31-A31,"") -> 0
A32: 981192 | B32: 48 Portions | C32: 1X 720gm | D32: Pcs | F32: 268317 | G32: =IFERROR(VLOOKUP(F32,[1]Lulu!$E:$F,2,0),"") -> 981192 | H32: =IFERROR(G32-A32,"") -> 0
A33: 8211 | B33: 8 Portions -Light Cheese | C33: 48x120gm | D33: Ctn | E33: 3073780689014 | F33: 94656 | G33: =IFERROR(VLOOKUP(F33,[1]Lulu!$E:$F,2,0),"") -> 8211 | H33: =IFERROR(G33-A33,"") -> 0
A34: 8316 | B34: LVQ DIPPERS | C34: 1X 140gm | D34: Pcs | E34: 30737808110661 | F34: 194963 | G34: =IFERROR(VLOOKUP(F34,[1]Lulu!$E:$F,2,0),"") -> 8316 | H34: =IFERROR(G34-A34,"") -> 0
A35: 763478 | B35: LVQ DIPPERS (solo) | C35: 1x35gm | D35: Pcs | E35: 30087798 | F35: 309827 | G35: =IFERROR(VLOOKUP(F35,[1]Lulu!$E:$F,2,0),"") -> 763478 | H35: =IFERROR(G35-A35,"") -> 0
A36: 504157 | B36: LVQ 2x32p - 15% off | C36: 2x480gm | D36: Set | F36: 125019 | G36: =IFERROR(VLOOKUP(F36,[1]Lulu!$E:$F,2,0),"") -> 504157 | H36: =IFERROR(G36-A36,"") -> 0
A37: 572786 | B37: Slices Burger | C37: 32x200gm | D37: Ctn | E37: 3073780985581 | F37: 94674 | G37: =IFERROR(VLOOKUP(F37,[1]Lulu!$E:$F,2,0),"") -> 572786 | H37: =IFERROR(G37-A37,"") -> 0
A38: 574190 | B38: Slices Cheddar | C38: 32x200gm | D38: Ctn | E38: 3073780450461 | F38: 94671 | G38: =IFERROR(VLOOKUP(F38,[1]Lulu!$E:$F,2,0),"") -> 574190 | H38: =IFERROR(G38-A38,"") -> 0
A39: 572784 | B39: Slices Sandwich | C39: 32x200gm | D39: Ctn | E39: 3073780450386 | F39: 94698 | G39: =IFERROR(VLOOKUP(F39,[1]Lulu!$E:$F,2,0),"") -> 572784 | H39: =IFERROR(G39-A39,"") -> 0
A40: 574119 | B40: Slices Light | C40: 32x200gm | D40: Ctn | E40: 3073780543989 | F40: 94693 | G40: =IFERROR(VLOOKUP(F40,[1]Lulu!$E:$F,2,0),"") -> 574119 | H40: =IFERROR(G40-A40,"") -> 0
A41: 653820 | B41: Slices Light Family Size | C41: 24x480gm | D41: Ea | E41: 3073780999816 | F41: 318173 | G41: =IFERROR(VLOOKUP(F41,[1]Lulu!$E:$F,2,0),"") -> 653820 | H41: =IFERROR(G41-A41,"") -> 0
A42: 572788 | B42: Slices Family Size | C42: 12x480gm | D42: Ea | E42: 3073780985604 | F42: 94672 | G42: =IFERROR(VLOOKUP(F42,[1]Lulu!$E:$F,2,0),"") -> 572788 | H42: =IFERROR(G42-A42,"") -> 0
A43: 197536 | B43: Slice 3x200g - 2+1 Free | D43: Set | E43: 6291100552900 | F43: 94667 | G43: =IFERROR(VLOOKUP(F43,[1]Lulu!$E:$F,2,0),"") -> 197536 | H43: =IFERROR(G43-A43,"") -> 0
A44: 8219 | B44: 6 Square portions | C44: 60x100gm | D44: Ctn | E44: 3073780839631 | F44: 182808 | G44: =IFERROR(VLOOKUP(F44,[1]Lulu!$E:$F,2,0),"") -> 8219 | H44: =IFERROR(G44-A44,"") -> 0
A45: 8226 | B45: 12 Square portions | C45: 40x200gm | D45: Ctn | E45: 3073780894326 | F45: 182809 | G45: =IFERROR(VLOOKUP(F45,[1]Lulu!$E:$F,2,0),"") -> 8226 | H45: =IFERROR(G45-A45,"") -> 0
A46: 8229 | B46: 24 Square portions | C46: 16x432gm | D46: Ctn | E46: 3073780767897 | F46: 94714 | G46: =IFERROR(VLOOKUP(F46,[1]Lulu!$E:$F,2,0),"") -> 8229 | H46: =IFERROR(G46-A46,"") -> 0
A47: 338612 | B47: Kiri Block 1kg | C47: 12x1000gm | D47: Ctn | E47: 3073780853545 | F47: 194957 | G47: =IFERROR(VLOOKUP(F47,[1]Lulu!$E:$F,2,0),"") -> 338612 | H47: =IFERROR(G47-A47,"") -> 0
A48: 1679247 | B48: Kiri Block 200gm | C48: 30x200gm | D48: Ctn | E48: 3073781089172 | F48: 308347 | G48: =IFERROR(VLOOKUP(F48,[1]Lulu!$E:$F,2,0),"") -> 1679247 | H48: =IFERROR(G48-A48,"") -> 0
A49: 1050330 | B49: Kiri Dippers 4's | C49: 12x140gm | D49: Pcs | F49: 213406 | G49: =IFERROR(VLOOKUP(F49,[1]Lulu!$E:$F,2,0),"") -> 1050330 | H49: =IFERROR(G49-A49,"") -> 0
A50: 1735232 | B50: Kiri Greek 6 Portion 100G | C50: 40 x 100gms | D50: Ctn | E50: 3073781141382 | F50: 312609 | G50: =IFERROR(VLOOKUP(F50,[1]Lulu!$E:$F,2,0),"") -> 1735232 | H50: =IFERROR(G50-A50,"") -> 0
A51: 1735233 | B51: Kiri Greek 24 Portion 400G | C51: 16 x 400gms | D51: Ctn | E51: 3073781141368 | F51: 312610 | G51: =IFERROR(VLOOKUP(F51,[1]Lulu!$E:$F,2,0),"") -> 1735233 | H51: =IFERROR(G51-A51,"") -> 0
A52: 1735235 | B52: Kiri Greek Tub 200G | C52: 18 x 200gms | D52: Ctn | E52: 3073781141429 | F52: 312611 | G52: =IFERROR(VLOOKUP(F52,[1]Lulu!$E:$F,2,0),"") -> 1735235 | H52: =IFERROR(G52-A52,"") -> 0
A53: 1735236 | B53: Kiri Greek Tub 500G | C53: 8 x 500gms | D53: Ctn | E53: 3073781141443 | F53: 312612 | G53: =IFERROR(VLOOKUP(F53,[1]Lulu!$E:$F,2,0),"") -> 1735236 | H53: =IFERROR(G53-A53,"") -> 0
A54: 619306 | B54: Kiri Labaneh tub 200 | C54: 18x200gm | D54: Pcs | E54: 3073780984492 | F54: 215668 | G54: =IFERROR(VLOOKUP(F54,[1]Lulu!$E:$F,2,0),"") -> 619306 | H54: =IFERROR(G54-A54,"") -> 0
A55: 1084707 | B55: Kiri Labaneh tub 500 | C55: 8x500gm | D55: Pcs | E55: 3073781062762 | F55: 293035 | G55: =IFERROR(VLOOKUP(F55,[1]Lulu!$E:$F,2,0),"") -> 1084707 | H55: =IFERROR(G55-A55,"") -> 0
A56: 1084878 | B56: Kiri Tub Promo 200gm | C56: 18x200gm | D56: Pcs | E56: 3073781066906 | F56: 208761 | G56: =IFERROR(VLOOKUP(F56,[1]Lulu!$E:$F,2,0),"") -> 1084878 | H56: =IFERROR(G56-A56,"") -> 0
A57: 923774 | B57: Kiri Tub Promo 350gm | C57: 12x350gm | D57: Pcs | E57: 3073781066913 | F57: 293032 | G57: =IFERROR(VLOOKUP(F57,[1]Lulu!$E:$F,2,0),"") -> 923774 | H57: =IFERROR(G57-A57,"") -> 0
A58: 1086171 | B58: Kiri Tub Promo 500gm | C58: 8x500gm | D58: Pcs | E58: 3073781066920 | F58: 293033 | G58: =IFERROR(VLOOKUP(F58,[1]Lulu!$E:$F,2,0),"") -> 1086171 | H58: =IFERROR(G58-A58,"") -> 0
A59: 366219 | B59: Kiri Tub 200g | C59: 1x200gm | E59: 3073781010725 | F59: 194958 | G59: =IFERROR(VLOOKUP(F59,[1]Lulu!$E:$F,2,0),"") -> 366219 | H59: =IFERROR(G59-A59,"") -> 0
A60: 758705 | B60: Kiri Tub 350g | C60: 1X 350gm | E60: 3073781010749 | F60: 293030 | G60: =IFERROR(VLOOKUP(F60,[1]Lulu!$E:$F,2,0),"") -> 758705 | H60: =IFERROR(G60-A60,"") -> 0
A61: 1084708 | B61: Kiri Tub 500g | C61: 1x500gm | E61: 3073781058796 | F61: 293031 | G61: =IFERROR(VLOOKUP(F61,[1]Lulu!$E:$F,2,0),"") -> 1084708 | H61: =IFERROR(G61-A61,"") -> 0
A62: 894053 | B62: Kiri Tub 200g 2+1 Free | C62: 3 x 6 x 200gms | D62: Set | E62: 3073781054538 | F62: 233270 | G62: =IFERROR(VLOOKUP(F62,[1]Lulu!$E:$F,2,0),"") -> 894053 | H62: =IFERROR(G62-A62,"") -> 0
A63: 1255462 | B63: Kiri Tub 2x500g @ OMR 2 | C63: 2 x 4 x 500gms | D63: Set | E63: 3073781066937 | F63: 233271 | G63: =IFERROR(VLOOKUP(F63,[1]Lulu!$E:$F,2,0),"") -> 1255462 | H63: =IFERROR(G63-A63,"") -> 0
A64: 342734 | B64: Kiri Promo 10%off | C64: 2x24por | D64: Set | E64: 3073780960472 | F64: 94715 | G64: =IFERROR(VLOOKUP(F64,[1]Lulu!$E:$F,2,0),"") -> 342734 | H64: =IFERROR(G64-A64,"") -> 0
A65: 238019 | B65: Kiri Promo 10%off | C65: 3x100gm | D65: Set | E65: 3073780000437 | F65: 195621 | G65: =IFERROR(VLOOKUP(F65,[1]Lulu!$E:$F,2,0),"") -> 238019 | H65: =IFERROR(G65-A65,"") -> 0
A66: 946783 | B66: Kiri Promo 20%off | C66: 2x432gm | D66: Set | F66: 94703 | G66: =IFERROR(VLOOKUP(F66,[1]Lulu!$E:$F,2,0),"") -> 946783 | H66: =IFERROR(G66-A66,"") -> 0
A67: 765692 | B67: Kiri 3x12p - 15% off | C67: 3x216gm | D67: Set | F67: 195536 | G67: =IFERROR(VLOOKUP(F67,[1]Lulu!$E:$F,2,0),"") -> 765692 | H67: =IFERROR(G67-A67,"") -> 0
A68: 989753 | B68: Kiri 5x6p - 15% off | C68: 5x12x108gm | D68: Set | E68: 3073781053555 | F68: 195540 | G68: =IFERROR(VLOOKUP(F68,[1]Lulu!$E:$F,2,0),"") -> 989753 | H68: =IFERROR(G68-A68,"") -> 0
A69: 8312 | B69: Maxi Babybel | C69: 8x200gm | D69: CH1 | E69: 3073780460262 | F69: 214355 | G69: =IFERROR(VLOOKUP(F69,[1]Lulu!$E:$F,2,0),"") -> 8312 | H69: =IFERROR(G69-A69,"") -> 0
A70: 557366 | B70: Babybel - Light | C70: 1x100gm | D70: Ctn | E70: 3073780965828 | F70: 94734 | G70: =IFERROR(VLOOKUP(F70,[1]Lulu!$E:$F,2,0),"") -> 557366 | H70: =IFERROR(G70-A70,"") -> 0
A71: 557367 | B71: Babybel - Cheddar | C71: 1x100gm | D71: Ctn | E71: 3073780965729 | F71: 94733 | G71: =IFERROR(VLOOKUP(F71,[1]Lulu!$E:$F,2,0),"") -> 557367 | H71: =IFERROR(G71-A71,"") -> 0
A72: 500315 | B72: Babybel - Mini | C72: 1x100gm | D72: Ctn | E72: 3073780968508 | F72: 94730 | G72: =IFERROR(VLOOKUP(F72,[1]Lulu!$E:$F,2,0),"") -> 500315 | H72: =IFERROR(G72-A72,"") -> 0
A73: 24592 | B73: Mentos Roll Mint 14p | C73: 40x38g | D73: CHI | E73: 8990800303017 | F73: 351970 | G73: =IFERROR(VLOOKUP(F73,[1]Lulu!$E:$F,2,0),"") -> 24592 | H73: =IFERROR(G73-A73,"") -> 0
A74: 24593 | B74: Mentos Roll Strawberry 14p | C74: 40x38g | D74: CHI | E74: 8990800000206 | F74: 351378 | G74: =IFERROR(VLOOKUP(F74,[1]Lulu!$E:$F,2,0),"") -> 24593 | H74: =IFERROR(G74-A74,"") -> 0
A75: 789317 | B75: Mentos Roll Rainbow 14p | C75: 40x38g | D75: CHI | E75: 8990800013244 | F75: 351379 | G75: =IFERROR(VLOOKUP(F75,[1]Lulu!$E:$F,2,0),"") -> 789317 | H75: =IFERROR(G75-A75,"") -> 0
A76: 24591 | B76: Mentos Roll Fruit 14p | C76: 40x38g | D76: CHI | E76: 8990800030054 | F76: 351380 | H76: =IFERROR(G76-A76,"") -> -24591
B77: Mentos Roll Tutti Frutti | C77: 40x38g | D77: CHI | E77: 8990800014517 | F77: 351380 | G77: 866372 | H77: =IFERROR(G77-A77,"")
A78: 1054710 | B78: Mentos Watermelon 14p | C78: 160x38g | D78: CAR | E78: 8990800017211 | F78: 194501 | G78: =IFERROR(VLOOKUP(F78,[1]Lulu!$E:$F,2,0),"") -> 1054710 | H78: =IFERROR(G78-A78,"") -> 0
A79: 1895790 | B79: Mentos Sour Fruit Mix 14P | C79: 160x38g | D79: CAR | E79: 8990800023496 | F79: 352470 | G79: =IFERROR(VLOOKUP(F79,[1]Lulu!$E:$F,2,0),"") -> 1895790 | H79: =IFERROR(G79-A79,"") -> 0
A80: 1312522 | B80: Mentos Roll Choco 9p | D80: CH1 | E80: 6921211112402 | F80: 234076 | G80: =IFERROR(VLOOKUP(F80,[1]Lulu!$E:$F,2,0),"") -> 1312522 | H80: =IFERROR(G80-A80,"") -> 0
A81: 1551232 | B81: Mentos Gum PF Bubblefresh | C81: 16Rollsx9Pcsx1.75g | D81: PAC | E81: 8935001724438 | F81: 271359 | G81: =IFERROR(VLOOKUP(F81,[1]Lulu!$E:$F,2,0),"") -> 1551232 | H81: =IFERROR(G81-A81,"") -> 0
A82: 1551231 | B82: Mentos Gum PF Freshmint | C82: 16Rollsx9Pcsx1.75g | D82: PAC | E82: 8935001724469 | F82: 271358 | G82: =IFERROR(VLOOKUP(F82,[1]Lulu!$E:$F,2,0),"") -> 1551231 | H82: =IFERROR(G82-A82,"") -> 0
A83: 1708562 | B83: MENTOS P/FRESH STRAWBERRY 15.75GM | C83: 12DB x 9pcsx 15.75gms | D83: CH1 | E83: 8935001724452 | F83: 309760 | G83: =IFERROR(VLOOKUP(F83,[1]Lulu!$E:$F,2,0),"") -> 1708562 | H83: =IFERROR(G83-A83,"") -> 0
A84: 1708563 | B84: MENTOS P/FRESH WATERMELON 15.75GM | C84: 12DB x 9pcsx 15.75gms | D84: CH1 | E84: 8935001724445 | F84: 309771 | G84: =IFERROR(VLOOKUP(F84,[1]Lulu!$E:$F,2,0),"") -> 1708563 | H84: =IFERROR(G84-A84,"") -> 0
A85: 2032859 | B85: Mentos P/FRESH Spearmint | C85: 12DB x 9pcsx 15.75gms | D85: CH1 | E85: 8935001726500 | F85: 351374 | G85: =IFERROR(VLOOKUP(F85,[1]Lulu!$E:$F,2,0),"") -> 2032859 | H85: =IFERROR(G85-A85,"") -> 0
A86: 529679 | B86: Mentos White Gum Bottle SweetMint | C86: 6x56g | D86: CH1 | E86: 8935001706588 | F86: 138937 | G86: =IFERROR(VLOOKUP(F86,[1]Lulu!$E:$F,2,0),"") -> 529679 | H86: =IFERROR(G86-A86,"") -> 0
A87: 529678 | B87: Mentos White Gum Bottle Tutti Frutti | C87: 6x56g | D87: CH1 | E87: 8935001706724 | F87: 138938 | G87: =IFERROR(VLOOKUP(F87,[1]Lulu!$E:$F,2,0),"") -> 529678 | H87: =IFERROR(G87-A87,"") -> 0
A88: 678429 | B88: Mentos C/ Gum Winter Green 56g | C88: 6x56g | D88: CAR | E88: 8003440963203 | F88: 138939 | G88: =IFERROR(VLOOKUP(F88,[1]Lulu!$E:$F,2,0),"") -> 678429 | H88: =IFERROR(G88-A88,"") -> 0
A89: 678428 | B89: Mentos C/ Gum Fresh Mint 56g | C89: 6x56g | D89: CAR | E89: 8003440963197 | F89: 138940 | G89: =IFERROR(VLOOKUP(F89,[1]Lulu!$E:$F,2,0),"") -> 678428 | H89: =IFERROR(G89-A89,"") -> 0
A90: 723325 | B90: Mentos B/Gum Mixed Fruit 64g | C90: 6x64g | D90: EA | E90: 8003440965344 | F90: 138942 | G90: =IFERROR(VLOOKUP(F90,[1]Lulu!$E:$F,2,0),"") -> 723325 | H90: =IFERROR(G90-A90,"") -> 0
A91: 1467352 | B91: Mentos C/Gum spearmint 87.5gm | C91: 6x87.5g | D91: CH1 | E91: 8935001724094 | F91: 252583 | G91: =IFERROR(VLOOKUP(F91,[1]Lulu!$E:$F,2,0),"") -> 1467352 | H91: =IFERROR(G91-A91,"") -> 0
A92: 1467355 | B92: Mentos C/Gum Bubble Fresh 87.5gm | C92: 6x87.5g | D92: CH1 | E92: 8935001724070 | F92: 252584 | G92: =IFERROR(VLOOKUP(F92,[1]Lulu!$E:$F,2,0),"") -> 1467355 | H92: =IFERROR(G92-A92,"") -> 0
A93: 1708550 | B93: Mentos 50P Bottle Strawberry 87.5gm | C93: 1708550 | D93: CH1 | E93: 8935001725015 | F93: 308535 | G93: =IFERROR(VLOOKUP(F93,[1]Lulu!$E:$F,2,0),"") -> 1708550 | H93: =IFERROR(G93-A93,"") -> 0
A94: 1708561 | B94: Mentos 50P Bottle Watermelon 87.5gm | C94: 1708561 | D94: CH1 | E94: 8935001725039 | F94: 308536 | G94: =IFERROR(VLOOKUP(F94,[1]Lulu!$E:$F,2,0),"") -> 1708561 | H94: =IFERROR(G94-A94,"") -> 0
A95: 1014687 | B95: Mentos White Gum XL Strawberry | C95: 6x103g | D95: CAR(0) | E95: 8935001722519 | F95: 183930 | G95: =IFERROR(VLOOKUP(F95,[1]Lulu!$E:$F,2,0),"") -> 1014687 | H95: =IFERROR(G95-A95,"") -> 0
A96: 1014688 | B96: Mentos White Gum XL Spearmint | C96: 6x103g | D96: CH1 | E96: 8935001722533 | F96: 184051 | G96: =IFERROR(VLOOKUP(F96,[1]Lulu!$E:$F,2,0),"") -> 1014688 | H96: =IFERROR(G96-A96,"") -> 0
A97: 678425 | B97: Mentos C/Gum Pkt Btl Fresh Mint 26g | C97: 10x26g | D97: CAR | E97: 8003440963234 | F97: 138945 | G97: =IFERROR(VLOOKUP(F97,[1]Lulu!$E:$F,2,0),"") -> 678425 | H97: =IFERROR(G97-A97,"") -> 0
A98: 687680 | B98: Mentos C/Gum Pkt Btl Fruit Lime 26g | C98: 10x26g | D98: CAR | E98: 8003440963210 | F98: 138946 | G98: =IFERROR(VLOOKUP(F98,[1]Lulu!$E:$F,2,0),"") -> 687680 | H98: =IFERROR(G98-A98,"") -> 0
A99: 678426 | B99: Mentos C/Gum Pkt Btl Watermelon 26g | C99: 10x26g | D99: CAR | E99: 8003440963227 | F99: 138947 | G99: =IFERROR(VLOOKUP(F99,[1]Lulu!$E:$F,2,0),"") -> 678426 | H99: =IFERROR(G99-A99,"") -> 0
A100: 744430 | B100: Mentos C/Gum 3D Pure FreshMint 24g | C100: 15x24g | D100: CH1 | E100: 8003440968864 | F100: 138948 | G100: =IFERROR(VLOOKUP(F100,[1]Lulu!$E:$F,2,0),"") -> 744430 | H100: =IFERROR(G100-A100,"") -> 0
...

Sheet Sheet2
A1: LULU CODE | B1: PRODUCT | C1: PACKING | D1: ORDER | E1: BARCODES | F1: KR CODE | G1: KR CODE | H1: REMARKS
F2: =IFERROR(VLOOKUP(A2,Lulu!A:F,6,0),"") | G2: =IFERROR(VLOOKUP(E2,Lulu!E:F,2,0),"") | H2: 60126982 | I2: lulu al ansab | K2: 183 KEMIL
H3: 60132102 | I3: LULU ZAKHER MALL
H4: 60126459 | I4: LULU AMERAT
F5: =IFERROR(VLOOKUP(A5,Lulu!A:F,6,0),"") | G5: Deepak 176 | H5: 60131290 | I5: LULU SAMADDD
G6: 174 | H6: 60008648 | I6: LULU LOGISTIC
F7: =IFERROR(VLOOKUP(A7,Lulu!A:F,6,0),"") | G7: =IFERROR(VLOOKUP(E7,Lulu!E:F,2,0),"")
F8: =IFERROR(VLOOKUP(A8,Lulu!A:F,6,0),"") | G8: =IFERROR(VLOOKUP(E8,Lulu!E:F,2,0),"")
F9: =IFERROR(VLOOKUP(A9,Lulu!A:F,6,0),"") | G9: =IFERROR(VLOOKUP(E9,Lulu!E:F,2,0),"")
F10: =IFERROR(VLOOKUP(A10,Lulu!A:F,6,0),"") | G10: =IFERROR(VLOOKUP(E10,Lulu!E:F,2,0),"")
F11: =IFERROR(VLOOKUP(A11,Lulu!A:F,6,0),"") | G11: =IFERROR(VLOOKUP(E11,Lulu!E:F,2,0),"")
F12: =IFERROR(VLOOKUP(A12,Lulu!A:F,6,0),"") | G12: =IFERROR(VLOOKUP(E12,Lulu!E:F,2,0),"")
F13: =IFERROR(VLOOKUP(A13,Lulu!A:F,6,0),"") | G13: =IFERROR(VLOOKUP(E13,Lulu!E:F,2,0),"")
F14: =IFERROR(VLOOKUP(A14,Lulu!A:F,6,0),"") | G14: =IFERROR(VLOOKUP(E14,Lulu!E:F,2,0),"")
F15: =IFERROR(VLOOKUP(A15,Lulu!A:F,6,0),"") | G15: =IFERROR(VLOOKUP(E15,Lulu!E:F,2,0),"")
F16: =IFERROR(VLOOKUP(A16,Lulu!A:F,6,0),"") | G16: =IFERROR(VLOOKUP(E16,Lulu!E:F,2,0),"")
F17: =IFERROR(VLOOKUP(A17,Lulu!A:F,6,0),"") | G17: =IFERROR(VLOOKUP(E17,Lulu!E:F,2,0),"")
F18: =IFERROR(VLOOKUP(A18,Lulu!A:F,6,0),"") | G18: =IFERROR(VLOOKUP(E18,Lulu!E:F,2,0),"")
... F86: =IFERROR(VLOOKUP(A86,Lulu!A:F,6,0),"") | G86: =IFERROR(VLOOKUP(E86,Lulu!E:F,2,0),"")
A87: 99999 | F87: =IFERROR(VLOOKUP(A87,Lulu!A:F,6,0),"") | G87: =IFERROR(VLOOKUP(E87,Lulu!E:F,2,0),"")
A88: 99999 | F88: =IFERROR(VLOOKUP(A88,Lulu!A:F,6,0),"") | G88: =IFERROR(VLOOKUP(E88,Lulu!E:F,2,0),"")
A89: 99999 | F89: =IFERROR(VLOOKUP(A89,Lulu!A:F,6,0),"") | G89: =IFERROR(VLOOKUP(E89,Lulu!E:F,2,0),"")
A90: 537522 | E90: 6921211111467 | F90: =IFERROR(VLOOKUP(A90,Lulu!A:F,6,0),"") -> 395985 | G90: =IFERROR(VLOOKUP(E90,Lulu!E:F,2,0),"") -> 229187 | J90: D078
E91: 6921211112006 | F91: =IFERROR(VLOOKUP(A91,Lulu!A:F,6,0),"") | G91: =IFERROR(VLOOKUP(E91,Lulu!E:F,2,0),"") -> 229188 | J91: D078
E92: 80757450 | F92: =IFERROR(VLOOKUP(A92,Lulu!A:F,6,0),"") | G92: =IFERROR(VLOOKUP(E92,Lulu!E:F,2,0),"") -> 229190 | J92: D078
E93: 80757474 | F93: =IFERROR(VLOOKUP(A93,Lulu!A:F,6,0),"") | G93: =IFERROR(VLOOKUP(E93,Lulu!E:F,2,0),"") -> 229392 | J93: D078
E94: 80757481 | F94: =IFERROR(VLOOKUP(A94,Lulu!A:F,6,0),"") | G94: =IFERROR(VLOOKUP(E94,Lulu!E:F,2,0),"") -> 229393 | J94: D078
E95: 6291007901092 | F95: =IFERROR(VLOOKUP(A95,Lulu!A:F,6,0),"") | G95: =IFERROR(VLOOKUP(E95,Lulu!E:F,2,0),"") -> 95894 | J95: D078
E96: 8901063004016 | F96: =IFERROR(VLOOKUP(A96,Lulu!A:F,6,0),"") | G96: =IFERROR(VLOOKUP(E96,Lulu!E:F,2,0),"") -> 233419 | J96: D078
E97: 6291007915334 | F97: =IFERROR(VLOOKUP(A97,Lulu!A:F,6,0),"") | G97: =IFERROR(VLOOKUP(E97,Lulu!E:F,2,0),"") | J97: D078
E98: 6291007915341 | F98: =IFERROR(VLOOKUP(A98,Lulu!A:F,6,0),"") | G98: =IFERROR(VLOOKUP(E98,Lulu!E:F,2,0),"") | J98: D078
E99: 6291007906479 | F99: =IFERROR(VLOOKUP(A99,Lulu!A:F,6,0),"") | G99: =IFERROR(VLOOKUP(E99,Lulu!E:F,2,0),"") -> 300992
E100: 8410031122510 | F100: =IFERROR(VLOOKUP(A100,Lulu!A:F,6,0),"") | G100: =IFERROR(VLOOKUP(E100,Lulu!E:F,2,0),"") -> 176200
E101: 84196842 | F101: =IFERROR(VLOOKUP(A101,Lulu!A:F,6,0),"") | G101: =IFERROR(VLOOKUP(E101,Lulu!E:F,2,0),"") -> 176210
E102: 8992741993340 | F102: =IFERROR(VLOOKUP(A102,Lulu!A:F,6,0),"") | G102: =IFERROR(VLOOKUP(E102,Lulu!E:F,2,0),"") -> 329171
E103: 8901393020564 | F103: =IFERROR(VLOOKUP(A103,Lulu!A:F,6,0),"") | G103: =IFERROR(VLOOKUP(E103,Lulu!E:F,2,0),"") -> 324335
E104: 6925425474363 | F104: =IFERROR(VLOOKUP(A104,Lulu!A:F,6,0),"") | G104: =IFERROR(VLOOKUP(E104,Lulu!E:F,2,0),"") -> 181554
E105: 6925425474486 | F105: =IFERROR(VLOOKUP(A105,Lulu!A:F,6,0),"") | G105: =IFERROR(VLOOKUP(E105,Lulu!E:F,2,0),"") -> 181555
E106: 6291109790303 | F106: =IFERROR(VLOOKUP(A106,Lulu!A:F,6,0),"") | G106: =IFERROR(VLOOKUP(E106,Lulu!E:F,2,0),"") -> 386804
E107: 6291109790310 | F107: =IFERROR(VLOOKUP(A107,Lulu!A:F,6,0),"") | G107: =IFERROR(VLOOKUP(E107,Lulu!E:F,2,0),"") -> 386805
E108: 6291106770421 | F108: =IFERROR(VLOOKUP(A108,Lulu!A:F,6,0),"") | G108: =IFERROR(VLOOKUP(E108,Lulu!E:F,2,0),"")
E109: 24000101895 | F109: =IFERROR(VLOOKUP(A109,Lulu!A:F,6,0),"") | G109: =IFERROR(VLOOKUP(E109,Lulu!E:F,2,0),"") -> 302679
A110: 411212 | E110: 8901393020557 | F110: =IFERROR(VLOOKUP(A110,Lulu!A:F,6,0),"") -> 356739 | G110: =IFERROR(VLOOKUP(E110,Lulu!E:F,2,0),"") -> 324336
E111: 6925425474363 | F111: =IFERROR(VLOOKUP(A111,Lulu!A:F,6,0),"") | G111: =IFERROR(VLOOKUP(E111,Lulu!E:F,2,0),"") -> 181554
E112: 6925425474387 | F112: =IFERROR(VLOOKUP(A112,Lulu!A:F,6,0),"") | G112: =IFERROR(VLOOKUP(E112,Lulu!E:F,2,0),"") -> 181557
E113: 6925425474462 | F113: =IFERROR(VLOOKUP(A113,Lulu!A:F,6,0),"") | G113: =IFERROR(VLOOKUP(E113,Lulu!E:F,2,0),"") -> 181558
E114: 6925425474424 | F114: =IFERROR(VLOOKUP(A114,Lulu!A:F,6,0),"") | G114: =IFERROR(VLOOKUP(E114,Lulu!E:F,2,0),"") -> 181559
E115: 6291109790280 | F115: =IFERROR(VLOOKUP(A115,Lulu!A:F,6,0),"") | G115: =IFERROR(VLOOKUP(E115,Lulu!E:F,2,0),"") -> 386802
E116: 8992741993333 | F116: =IFERROR(VLOOKUP(A116,Lulu!A:F,6,0),"") | G116: =IFERROR(VLOOKUP(E116,Lulu!E:F,2,0),"") -> 329172
E117: 8992741952590 | F117: =IFERROR(VLOOKUP(A117,Lulu!A:F,6,0),"") | G117: =IFERROR(VLOOKUP(E117,Lulu!E:F,2,0),"") -> 308066
E118: 8901393017076 | F118: =IFERROR(VLOOKUP(A118,Lulu!A:F,6,0),"") | G118: =IFERROR(VLOOKUP(E118,Lulu!E:F,2,0),"")
E119: 8901393017106 | F119: =IFERROR(VLOOKUP(A119,Lulu!A:F,6,0),"") | G119: =IFERROR(VLOOKUP(E119,Lulu!E:F,2,0),"") -> 255466
E120: 8992741952613 | F120: =IFERROR(VLOOKUP(A120,Lulu!A:F,6,0),"") | G120: =IFERROR(VLOOKUP(E120,Lulu!E:F,2,0),"") -> 308068
E121: 24000101895 | F121: =IFERROR(VLOOKUP(A121,Lulu!A:F,6,0),"") | G121: =IFERROR(VLOOKUP(E121,Lulu!E:F,2,0),"") -> 302679
E122: 24000109785 | F122: =IFERROR(VLOOKUP(A122,Lulu!A:F,6,0),"") | G122: =IFERROR(VLOOKUP(E122,Lulu!E:F,2,0),"") -> 341280
... E131: 5351904104048 | F131: =IFERROR(VLOOKUP(A131,Lulu!A:F,6,0),"") | G131: =IFERROR(VLOOKUP(E131,Lulu!E:F,2,0),"") -> 177778
F132: =IFERROR(VLOOKUP(A132,Lulu!A:F,6,0),"") | G132: =IFERROR(VLOOKUP(E132,Lulu!E:F,2,0),"")
F133: =IFERROR(VLOOKUP(A133,Lulu!A:F,6,0),"") | G133: =IFERROR(VLOOKUP(E133,Lulu!E:F,2,0),"")
F134: =IFERROR(VLOOKUP(A134,Lulu!A:F,6,0),"") | G134: =IFERROR(VLOOKUP(E134,Lulu!E:F,2,0),"")
F135: =IFERROR(VLOOKUP(A135,Lulu!A:F,6,0),"") | G135: =IFERROR(VLOOKUP(E135,Lulu!E:F,2,0),"")
F136: =IFERROR(VLOOKUP(A136,Lulu!A:F,6,0),"") | G136: =IFERROR(VLOOKUP(E136,Lulu!E:F,2,0),"")
F137: =IFERROR(VLOOKUP(A137,Lulu!A:F,6,0),"") | G137: =IFERROR(VLOOKUP(E137,Lulu!E:F,2,0),"")
F138: =IFERROR(VLOOKUP(A138,Lulu!A:F,6,0),"") | G138: =IFERROR(VLOOKUP(E138,Lulu!E:F,2,0),"")
F139: =IFERROR(VLOOKUP(A139,Lulu!A:F,6,0),"") | G139: =IFERROR(VLOOKUP(E139,Lulu!E:F,2,0),"")
F140: =IFERROR(VLOOKUP(A140,Lulu!A:F,6,0),"") | G140: =IFERROR(VLOOKUP(E140,Lulu!E:F,2,0),"")
F141: =IFERROR(VLOOKUP(A141,Lulu!A:F,6,0),"") | G141: =IFERROR(VLOOKUP(E141,Lulu!E:F,2,0),"")
F142: =IFERROR(VLOOKUP(A142,Lulu!A:F,6,0),"") | G142: =IFERROR(VLOOKUP(E142,Lulu!E:F,2,0),"")
F143: =IFERROR(VLOOKUP(A143,Lulu!A:F,6,0),"") | G143: =IFERROR(VLOOKUP(E143,Lulu!E:F,2,0),"")
... F409: =IFERROR(VLOOKUP(A409,Lulu!A:F,6,0),"") | G409: =IFERROR(VLOOKUP(E409,Lulu!E:F,2,0),"")

Sheet Sheet1
A1: Dear Sir,
A2: Please approve the discount for C4 Seeb against order number 6121014 for the below item:
A3: SAP CODE | B3: Product Description | C3: Packing | D3: Units per Cs | E3: Qty (in Pcs) | F3: KR Price | G3: Discount Price
A4: 3073780959704 | B4: 155146 | C4: Les Enfants 40p - (5x8p) | D4: 5 x 8 x 120gms | E4: 160 | F4: 1.567 | G4: 1.39
A5: 3073781053586 | B5: 94715 | C5: Kiri 2x24p - 10% off | D5: 2 x 8 x 432gms | E5: 120 | F5: 3.41 | G5: 2.975
A6: 3073781134193 | B6: 293732 | C6: REGAL PICON WHITE JAR 2X900G- 15% off | D6: 3x2x900gms | E6: 60 | F6: 4.705 | G6: 3.99
A7: Dear Kishore,
A8: It's a flyer order, which starts from tomorrow, so after the discount approval, please ensure delivery of the above order tomorrow.
A10: KR CODE 404560
A11: 0010 1126973 DEVON Devon Crm.Crackers 200g 3+1 0635673975043 48 EA 1.143 0.000 1.143 0.00% 0.000 54.864
A12: KR CODE 404560
A15: 70 | B15: 1126973 | C15: 404560 | D15: DEVON | E15: Devon Crm.Crackers 200g 3+1 | G15: 635673975043 | H15: 6 | I15: CAR=6EA | J15: 6.858
A17: 195536 | B17: Kiri Cheese 12P 3x200gm 3073781190922 60 EA 1EA 2.815 168.900
A19: 0040 1037891 198523 PERFETTI CH ChupaChp.Jellies Astd 3x90g PO 2020000018728 24 EA 1.014 0.000 1.014 V2 5.00% 1.217 25.553
A20: 370080
A27: 375701 | B27: BRITANNIA MARIE GOLD 80 GMS | C27: 6291007902211 | D27: 0.131 | E27: 3.144
A28: 375703 | B28: BRITANNIA VITA MARIE 122 GMS | C28: 6291007902204 | D28: 0.234 | E28: 5.616
A29: 378939 | B29: BRITANNIA WHEAT RUSK 305 GM | C29: 8901063151055 | D29: 0.575 | E29: 6.9
A33: 5 0ZZU44 365212 06291007901047
A34: Britannia Good Day
A35: Cashew Cookies, 72g
A36: 24 0.217 0.217 5.208 5.00% 0.260 5.468
A39: 678428 | B39: 138940 | C39: Mentos Gum Fresh Mint 56g | D39: 80733294 | E39: 12 | F39: CH1=6EA | G39: 5.329 | H39: @ 0.889
A40: 404577 | B40: 40087 | C40: CHUPA CHUP JELLIES- TWIN PACK 160G | D40: 1800000024803 | E40: 12 | F40: 1.35
A45: BARCODE 6291007914719 Britannia Chunkies 82g X 4 / | C45: 396374 -BRITANNIA CHUNKIES 4X82GM
A46: Britannia /
A47: 13847 | B47: NUTRO BISCUITS TASTY CRACKER 42 GMS | C47: 48X42 GM | D47: 6291007701043 | E47: 6291007700084 | F47: 95819 | G47: 401105 | H47: 401105 | I47: 401105
B49: 6291007901047 | C49: Good Day Cashew 72g | D49: 5 CTN
B50: 1003010025 | C50: 6291007901061 | D50: Britania Marie Gold 154g | E50: 5 CTN
B51: 1003010027 | C51: 6291007901085 | D51: Britania 50 50 Maska Chaska | E51: 5 CTN
B52: 1003010028 | C52: 6291007901092 | D52: Britania 50 50 | E52: 4 CTN
B53: 1003010059 | C53: 8901063136779 | D53: Britania Good Day ChocoAlm100g | E53: 5 CTN
B54: 1003010061 | C54: 8901063151017 | D54: Britania Digestive 225g | E54: 1 CTN
B55: 1003010143 | C55: 6291007905311 | D55: Britania Bourbon 200g | E55: 5 CTN
B56: 1003010168 | C56: 6291007902204 | D56: Britania Vita Marie Gold 122g | E56: 5 CTN
B57: 1003010171 | C57: 8901063165793 | D57: Britania Good Day Chunkies60g | E57: 5 CTN
A59: 14 | B59: 3073781219654/49 | C59: 301873366 | D59: Regular | E59: Les Enfants Cheese 32p - (4x8p) | I59: 16 | J59: 64 | K59: 4 | L59: 5 | M59: 1.269 | N59: 4.061 | O59: 81.216 | P59: 85.277
A60: 410295
A64: 379780
A65: 445177 3+1 | B65: 379780 | C65: Hero Baby Food Jar 125g 3+1 | D65: 1800000001835 b | E65: @ | F65: 1.368
A69: 779750 | B69: 411274 | C69: DELMONTE | D69: Delmonte Sliced Mushrooms 400g | F69: 24000145066 | G69: 24 | H69: CAR=24EA | I69: 12.84
A70: 779751 | B70: 411276 | C70: DELMONTE | D70: Delmonte Sliced Mushrooms 200g | F70: 24000145080 | G70: 24 | H70: CAR=24EA | I70: 7.56
A71: 779752 | B71: 411273 | C71: DELMONTE | D71: Delmonte Whole Mushrooms 400g | F71: 24000145059 | G71: 24 | H71: CAR=24EA | I71: 15.072
A72: 1660422 | B72: 165100 | C72: DELMONTE | D72: Delm Garden Peas 425g | F72: 24000238188 | G72: 24 | H72: CAR=24EA | I72: 10.872
A73: 457165 | B73: 91599 | C73: DELMONTE | D73: Delm Golden Sweet Corn 410gm | F73: 24000104582 | G73: 24 | H73: CAR=24EA | I73: 9.888
A74: 779750 | B74: 411274 | C74: DELMONTE | D74: Delmonte Sliced Mushrooms 400g | F74: 24000145066 | G74: 12 | H74: CAR=24EA | I74: 12.84
A75: 779751 | B75: 411276 | C75: DELMONTE | D75: Delmonte Sliced Mushrooms 200g | F75: 24000145080 | G75: 12 | H75: CAR=24EA | I75: 7.56
A76: 779752 | B76: 411273 | C76: DELMONTE | D76: Delmonte Whole Mushrooms 400g | F76: 24000145059 | G76: 12 | H76: CAR=24EA | I76: 15.072
A77: 779753 | B77: 411275 | C77: DELMONTE | D77: Delmonte Whole Mushrooms 200g | F77: 24000145073 | G77: 12 | H77: CAR=24EA | I77: 8.64
A78: 439175 | B78: 91592 | C78: DELMONTE | D78: Delm Red Kidney Beans 400gm | F78: 24000074342 | G78: 3 | H78: CAR=24EA | I78: 7.224
A79: 1652224 | B79: 165099 | C79: DELMONTE | D79: Delm Mixed Vegitables 425g | F79: 24000238171 | G79: 24 | H79: CAR=24EA | I79: 10.608
A80: 416309 | B80: 416309 | C80: DELMONTE | D80: Delm Tuna Chunks in Oil 185g | F80: 24000156000 | G80: 6 | H80: CAR=48EA | I80: 33.888
... A85: 2299 | B85: 91566 | C85: DELMONTE | D85: Delmonte Pineapple Slice 567gm | F85: 24000012313 | G85: 24 | H85: CAR=24EA | I85: 14.424
A86: 0290 2238055 412003 PERFETTI ME Ment.FrshDive Cool.Ppmnt SF88g 8682790000440 2 CH1=6EA 7.440 0.000 7.440 V2 5.00% 0.744 15.624
A87: 0300 2238056 412004 PERFETTI ME Ment.FrshDive Tid.Grape SF 88g 8682790000419 2 CH1=6EA 7.440 0.000 7.440 V2 5.00% 0.744 15.624
B90: 411274 | C90: DELMONTE | D90: Delmonte Sliced Mushrooms 400g | F90: 24000145066 | G90: 24 | H90: CAR=24EA | J90: 12.84
B91: 411276 | C91: DELMONTE | D91: Delmonte Sliced Mushrooms 200g | F91: 24000145080 | G91: 24 | H91: CAR=24EA | J91: 7.56
B92: 411273 | C92: DELMONTE | D92: Delmonte Whole Mushrooms 400g | F92: 24000145059 | G92: 24 | H92: CAR=24EA | J92: 15.072
B93: 411275 | C93: DELMONTE | D93: Delmonte Whole Mushrooms 200g | F93: 24000145073 | G93: 24 | H93: CAR=24EA | J93: 8.64
B94: 412003 | C94: PERFETTI ME | D94: Ment.FrshDive Cool.Ppmnt SF88g | F94: 8682790000440 | G94: 12 | H94: CH1=6EA | J94: 7.44
B95: 412004 | C95: PERFETTI ME | D95: Ment.FrshDive Tid.Grape SF 88g | F95: 8682790000419 | G95: 12 | H95: CH1=6EA | J95: 7.44
B96: 412009 | C96: PERFETTI ME | D96: Mentos Incredbl Chew Cola 45g | F96: 8935001729068 | G96: 20 | H96: CH1=20EA | J96: 4.34
B97: 412010 | C97: PERFETTI ME | D97: Mentos PureFresh Mint SF 87.5g | F97: 8935001729570 | G97: 12 | H97: CH1=6EA | J97: 7.14
B98: 411613 | C98: PERFETTI CH | D98: ChupaChup Sour Belts Cola 57g | F98: 8901393027129 | G98: 24 | H98: CH1=12EA | J98: 2.748
A99: 1800000025206 411514 PONS EXTRA VIRGIN OLIVE OIL 500ML X 2 PCS 2X500ML 6.000 0 4.000 24.000 0.000
A103: 8935001729068 | B103: 40087 | C103: 215 | D103: MENTOS INCREDIBLE CHEW COLA 45G | E103: 24 | F103: 0.22 | G103: 5.208 | H103: 412009
A104: 8901393027129 | B104: 40087 | C104: 215 | D104: CHUPA CHUP MONO BELT COLA 57G | E104: 24 | F104: 0.23 | G104: 5.496 | H104: 411613
A105: 8901393027099 | B105: 40087 | C105: 215 | D105: CHUPA CHUPS JLY SOUR BLT COLA 10.5G | E105: 24 | F105: 0.04 | G105: 0.984 | H105: 410215
A106: 8935001729570 | B106: 40087 | C106: 216 | D106: MENTOS PURE FRSH FRSHMNT 50PC 87.5G | E106: 12 | F106: 1.19 | G106: 14.280 | H106: 412010
A107: 8682790000440 | B107: 40087 | C107: 216 | D107: MENTOS FRESH DIVE PEPPERMINT 88G | E107: 12 | F107: 1.24 | G107: 14.880 | H107: 412003
A108: 8682790000419 | B108: 40087 | C108: 216 | D108: MENTOS FRESH DIVE GRAPE 88G | E108: 12 | F108: 1.24 | G108: 14.880 | H108: 412004
