Workbook

Sheet Bel
A1: Nesto Code | B1: Packing | C1: Units per Cs | D1: Price to Trade Ro (Per Unit) | E1: Barcode (Per Unit) | F1: Product Description | G1: SAP CODE | H1: Price to Trade Ro (Cs) | I1: Barcode (Per Carton) | L1: New Price
A2: 116471 | B2: 40 x 120gms | C2: 40 | D2: 0.314 | E2: 3251350126002 | F2: Regal Picon 8 Portion | G2: 152859 | H2: 12.56 | I2: 3073781030907 | J2: =VLOOKUP(G2,[1]Sheet1!$B:$L,1,0) -> 152859 | K2: =VLOOKUP(J2,[2]Sheet1!$D:$F,3,0) -> 116471 | L2: =K2-A2 -> 0
A3: 116472 | B3: 32 x 240gms | C3: 32 | D3: 0.63 | E3: 3251350161003 | F3: Regal Picon 16 Portion | G3: 94576 | H3: 20.16 | I3: 3073780921145 | J3: =VLOOKUP(G3,[1]Sheet1!$B:$L,1,0) -> 94576 | K3: =VLOOKUP(J3,[2]Sheet1!$D:$F,3,0) -> 116472 | L3: =K3-A3 -> 0
B4: 24 x 360gms | C4: 24 | D4: 0.942 | E4: 3251350162000 | F4: Regal Picon 24 Portion | G4: 94581 | H4: 22.608 | I4: 3073780921138 | J4: =VLOOKUP(G4,[1]Sheet1!$B:$L,1,0) -> 94581 | K4: =VLOOKUP(J4,[2]Sheet1!$D:$F,3,0) -> #N/A | L4: =K4-A4 -> #N/A
A5: 116474 | B5: 16 x 480gms | C5: 16 | D5: 1.225 | E5: 3251350163007 | F5: Regal Picon 32 Portion | G5: 94590 | H5: 19.6 | I5: 3073780896559 | J5: =VLOOKUP(G5,[1]Sheet1!$B:$L,1,0) -> 94590 | K5: =VLOOKUP(J5,[2]Sheet1!$D:$F,3,0) -> 116474 | L5: =K5-A5 -> 0
B6: 8 x 720gms | C6: 8 | D6: 1.698 | E6: 3073781046601 | F6: Regal Picon 48 Portion | G6: 177009 | H6: 13.584 | I6: 3073781049848 | J6: =VLOOKUP(G6,[1]Sheet1!$B:$L,1,0) -> 177009 | K6: =VLOOKUP(J6,[2]Sheet1!$D:$F,3,0) -> #N/A | L6: =K6-A6 -> #N/A
B7: 8 x 1080gms | C7: 8 | D7: 2.08 | E7: 3073780884655 | F7: Regal Picon 72 Portion | G7: 94567 | H7: 16.64 | I7: 3073780984096 | J7: =VLOOKUP(G7,[1]Sheet1!$B:$L,1,0) -> 94567 | K7: =VLOOKUP(J7,[2]Sheet1!$D:$F,3,0) -> #N/A | L7: =K7-A7 -> #N/A
A8: 327035 | B8: 40 x 120gms | C8: 40 | D8: 0.314 | E8: 3073780905817 | F8: Les Enfants 8 Portion | G8: 152860 | H8: 12.56 | I8: 3073781030921 | J8: =VLOOKUP(G8,[1]Sheet1!$B:$L,1,0) -> 152860 | K8: =VLOOKUP(J8,[2]Sheet1!$D:$F,3,0) -> 327035 | L8: =K8-A8 -> 0
A9: 327036 | B9: 24 x 360gms | C9: 24 | D9: 0.942 | E9: 3073780905831 | F9: Les Enfants 24 Portion | G9: 94649 | H9: 22.608 | I9: 3073780905848 | J9: =VLOOKUP(G9,[1]Sheet1!$B:$L,1,0) -> 94649 | K9: =VLOOKUP(J9,[2]Sheet1!$D:$F,3,0) -> 327036 | L9: =K9-A9 -> 0
A10: 327037 | B10: 16 x 480gms | C10: 16 | D10: 1.242 | E10: 3073781021226 | F10: Les Enfants 32 Portion | G10: 133208 | H10: 19.872 | I10: 3073781021233 | J10: =VLOOKUP(G10,[1]Sheet1!$B:$L,1,0) -> 133208 | K10: =VLOOKUP(J10,[2]Sheet1!$D:$F,3,0) -> 327037 | L10: =K10-A10 -> 0
A11: 1024254 | B11: 8 x 720gms | C11: 8 | D11: 1.698 | E11: 3073781061857 | F11: Les Enfants 48 Portion | G11: 202753 | H11: 13.584 | I11: 3073781061864 | J11: =VLOOKUP(G11,[1]Sheet1!$B:$L,1,0) -> 202753 | K11: =VLOOKUP(J11,[2]Sheet1!$D:$F,3,0) -> 1024254 | L11: =K11-A11 -> 0
B12: 40 x 120gms | C12: 40 | D12: 0.404 | E12: 3073786155186 | F12: La Vache Quirit 8 Portion | G12: 155147 | H12: 16.16 | I12: 3073781030938 | J12: =VLOOKUP(G12,[1]Sheet1!$B:$L,1,0) -> 155147 | K12: =VLOOKUP(J12,[2]Sheet1!$D:$F,3,0) -> #N/A | L12: =K12-A12 -> #N/A
A13: 116567 | B13: 32 x 240gms | C13: 32 | D13: 0.751 | E13: 3073780574242 | F13: La Vache Quirit 16 Portion | G13: 94659 | H13: 24.032 | I13: 3073780961363 | J13: =VLOOKUP(G13,[1]Sheet1!$B:$L,1,0) -> 94659 | K13: =VLOOKUP(J13,[2]Sheet1!$D:$F,3,0) -> #N/A | L13: =K13-A13 -> #N/A
A14: 116568 | B14: 24 x 360gms | C14: 24 | D14: 1.098 | E14: 3073780574310 | F14: La Vache Quirit 24 Portion | G14: 94661 | H14: 26.352 | I14: 3073780795135 | J14: =VLOOKUP(G14,[1]Sheet1!$B:$L,1,0) -> 94661 | K14: =VLOOKUP(J14,[2]Sheet1!$D:$F,3,0) -> #N/A | L14: =K14-A14 -> #N/A
B15: 16 x 480gms | C15: 16 | D15: 1.444 | E15: 3073780593083 | F15: La Vache Quirit 32 Portion | G15: 94664 | H15: 23.104 | I15: 3073780830684 | J15: =VLOOKUP(G15,[1]Sheet1!$B:$L,1,0) -> 94664 | K15: =VLOOKUP(J15,[2]Sheet1!$D:$F,3,0) -> #N/A | L15: =K15-A15 -> #N/A
A16: 285448 | B16: 8 x 720gms | C16: 8 | D16: 2.114 | E16: 3073781048957 | F16: La Vache Quirit 48 Portion | G16: 268317 | H16: 16.912 | I16: 3073781061901 | J16: =VLOOKUP(G16,[1]Sheet1!$B:$L,1,0) -> 268317 | K16: =VLOOKUP(J16,[2]Sheet1!$D:$F,3,0) -> #N/A | L16: =K16-A16 -> #N/A
B17: 48 x 120gms | C17: 48 | D17: 0.462 | E17: 3073780689014 | F17: La Vache Quirit 8 Portion Light | G17: 94656 | H17: 22.176 | I17: 3073780802413 | J17: =VLOOKUP(G17,[1]Sheet1!$B:$L,1,0) -> #N/A | K17: =VLOOKUP(J17,[2]Sheet1!$D:$F,3,0) -> #N/A | L17: =K17-A17 -> #N/A
B18: 2 x 8 x 480gms | C18: 8 | D18: 2.205 | E18: 3073781053616 | F18: Regal Picon 2x32p - 10% off | G18: 94595 | H18: 17.64 | J18: =VLOOKUP(G18,[1]Sheet1!$B:$L,1,0) -> 94595 | K18: =VLOOKUP(J18,[2]Sheet1!$D:$F,3,0) -> #N/A | L18: =K18-A18 -> #N/A
A19: 327039 | B19: 5 x 8 x 120gms | C19: 8 | D19: 1.414 | E19: 3073781059793 | F19: Regal Picon 40p - (5x8p) | G19: 155145 | H19: 11.312 | J19: =VLOOKUP(G19,[1]Sheet1!$B:$L,1,0) -> 155145 | K19: =VLOOKUP(J19,[2]Sheet1!$D:$F,3,0) -> 327039 | L19: =K19-A19 -> 0
B20: 5 x 8 x 120gms | C20: 8 | D20: 1.398 | E20: 3073780959704 | F20: Les Enfants 40p - (5x8p) | G20: 155146 | H20: 11.184 | J20: =VLOOKUP(G20,[1]Sheet1!$B:$L,1,0) -> 155146 | K20: =VLOOKUP(J20,[2]Sheet1!$D:$F,3,0) -> #N/A | L20: =K20-A20 -> #N/A
B21: 5 x 8 x 120gms | C21: 8 | D21: 1.612 | E21: 3073781025194 | F21: LA VACHE QUIRIT 8P - 4P+1P FREE | G21: 139207 | H21: 12.896 | J21: =VLOOKUP(G21,[1]Sheet1!$B:$L,1,0) -> #N/A | K21: =VLOOKUP(J21,[2]Sheet1!$D:$F,3,0) -> #N/A | L21: =K21-A21 -> #N/A
B22: 2 x 8 x 480gms | C22: 8 | D22: 2.444 | E22: 3073781054521 | F22: LA VACHE QUIRIT 32 POR 2X480G @ 15% OFF | G22: 125019 | H22: 19.552 | J22: =VLOOKUP(G22,[1]Sheet1!$B:$L,1,0) -> #N/A | K22: =VLOOKUP(J22,[2]Sheet1!$D:$F,3,0) -> #N/A | L22: =K22-A22 -> #N/A
A23: 116564 | B23: 60 x 108gms | C23: 60 | D23: 0.462 | E23: 3073780839631 | F23: Kiri 6 Portion | G23: 182808 | H23: 27.72 | I23: 3073780811309 | J23: =VLOOKUP(G23,[1]Sheet1!$B:$L,1,0) -> 182808 | K23: =VLOOKUP(J23,[2]Sheet1!$D:$F,3,0) -> #N/A | L23: =K23-A23 -> #N/A
A24: 116561 | B24: 40 x 216gms | C24: 40 | D24: 0.863 | E24: 3073780624435 | F24: Kiri 12 Portion | G24: 182809 | H24: 34.52 | I24: 3073780858724 | J24: =VLOOKUP(G24,[1]Sheet1!$B:$L,1,0) -> 182809 | K24: =VLOOKUP(J24,[2]Sheet1!$D:$F,3,0) -> #N/A | L24: =K24-A24 -> #N/A
A25: 116563 | B25: 16 x 432gms | C25: 16 | D25: 1.698 | E25: 3073780767897 | F25: Kiri 24 Portion | G25: 94714 | H25: 27.168 | I25: 3073780858731 | J25: =VLOOKUP(G25,[1]Sheet1!$B:$L,1,0) -> 94714 | K25: =VLOOKUP(J25,[2]Sheet1!$D:$F,3,0) -> #N/A | L25: =K25-A25 -> #N/A
B26: 40 x 100gms | C26: 40 | D26: 0.544 | E26: 3073781141382 | F26: KIRI GREEK STYLE 6 PORTION 100G | G26: 312609 | H26: 21.76 | I26: 3073781141399 | J26: =VLOOKUP(G26,[1]Sheet1!$B:$L,1,0) -> 312609 | K26: =VLOOKUP(J26,[2]Sheet1!$D:$F,3,0) -> #N/A | L26: =K26-A26 -> #N/A
A27: 1060455 | B27: 16 x 400gms | C27: 16 | D27: 1.95 | E27: 3073781141368 | F27: KIRI GREEK STYLE 24 PORTION 400G | G27: 312610 | H27: 31.2 | I27: 3073781141375 | J27: =VLOOKUP(G27,[1]Sheet1!$B:$L,1,0) -> 312610 | K27: =VLOOKUP(J27,[2]Sheet1!$D:$F,3,0) -> 1060455 | L27: =K27-A27 -> 0
B28: 5 x 12 x 108gms | C28: 12 | D28: 1.964 | E28: 3073781053555 | F28: Kiri 5x6p - 15% off | G28: 195540 | H28: 23.568 | I28: N/A | J28: =VLOOKUP(G28,[1]Sheet1!$B:$L,1,0) -> 195540 | K28: =VLOOKUP(J28,[2]Sheet1!$D:$F,3,0) -> #N/A | L28: =K28-A28 -> #N/A
B29: 2 x 8 x 432gms | C29: 8 | D29: 3.058 | E29: 3073781053586 | F29: Kiri 2x24p - 10% off | G29: 94715 | H29: 24.464 | I29: N/A | J29: =VLOOKUP(G29,[1]Sheet1!$B:$L,1,0) -> 94715 | K29: =VLOOKUP(J29,[2]Sheet1!$D:$F,3,0) -> #N/A | L29: =K29-A29 -> #N/A
B30: 3 x 12 x 216gms | C30: 12 | D30: 2.2 | E30: 3073781053562 | F30: Kiri 3x12p - 15% off | G30: 195536 | H30: 26.4 | I30: N/A | J30: =VLOOKUP(G30,[1]Sheet1!$B:$L,1,0) -> 195536 | K30: =VLOOKUP(J30,[2]Sheet1!$D:$F,3,0) -> #N/A | L30: =K30-A30 -> #N/A
A31: 198856 | B31: 24 x 200gms | C31: 24 | D31: 0.676 | E31: 3073780998338 | F31: Regal Picon Slice Cheddar 200g | G31: 114598 | H31: 16.224 | I31: 3073780998345 | J31: =VLOOKUP(G31,[1]Sheet1!$B:$L,1,0) -> 114598 | K31: =VLOOKUP(J31,[2]Sheet1!$D:$F,3,0) -> 198856 | L31: =K31-A31 -> 0
B32: 24 x 200gms | C32: 24 | D32: 0.676 | E32: 3073780998352 | F32: Regal Picon Slice Burger 200g | G32: 114599 | H32: 16.224 | I32: 3073780998369 | J32: =VLOOKUP(G32,[1]Sheet1!$B:$L,1,0) -> 114599 | K32: =VLOOKUP(J32,[2]Sheet1!$D:$F,3,0) -> #N/A | L32: =K32-A32 -> #N/A
A33: 327038 | B33: 16 x 400gms | C33: 16 | D33: 1.352 | E33: 3073780998376 | F33: Regal Picon Slice Cheddar Family 400g | G33: 114600 | H33: 21.632 | I33: 3073780998383 | J33: =VLOOKUP(G33,[1]Sheet1!$B:$L,1,0) -> 114600 | K33: =VLOOKUP(J33,[2]Sheet1!$D:$F,3,0) -> 327038 | L33: =K33-A33 -> 0
B34: 32 x 200gms | C34: 32 | D34: 0.664 | E34: 3073780450461 | F34: La Vache Quirit Slice Cheddar 200g | G34: 94671 | H34: 21.248 | I34: 3073780985628 | J34: =VLOOKUP(G34,[1]Sheet1!$B:$L,1,0) -> 94671 | K34: =VLOOKUP(J34,[2]Sheet1!$D:$F,3,0) -> #N/A | L34: =K34-A34 -> #N/A
A35: 116557 | B35: 32 x 200gms | C35: 32 | D35: 0.664 | E35: 3073780985581 | F35: La Vache Quirit Slice Burger 200g | G35: 94674 | H35: 21.248 | I35: 3073780985598 | J35: =VLOOKUP(G35,[1]Sheet1!$B:$L,1,0) -> 94674 | K35: =VLOOKUP(J35,[2]Sheet1!$D:$F,3,0) -> 116557 | L35: =K35-A35 -> 0
B36: 32 x 200gms | C36: 32 | D36: 0.664 | E36: 3073780450386 | F36: La Vache Quirit Slice Sandwich 200g | G36: 94698 | H36: 21.248 | I36: 3073780985635 | J36: =VLOOKUP(G36,[1]Sheet1!$B:$L,1,0) -> 94698 | K36: =VLOOKUP(J36,[2]Sheet1!$D:$F,3,0) -> #N/A | L36: =K36-A36 -> #N/A
A37: 116572 | B37: 32 x 200gms | C37: 32 | D37: 0.664 | E37: 3073780543989 | F37: La Vache Quirit Slice Light 200g | G37: 94693 | H37: 21.248 | I37: 3073780985642 | J37: =VLOOKUP(G37,[1]Sheet1!$B:$L,1,0) -> 94693 | K37: =VLOOKUP(J37,[2]Sheet1!$D:$F,3,0) -> #N/A | L37: =K37-A37 -> #N/A
A38: 198856 | B38: 12 x 480gms | C38: 12 | D38: 1.473 | E38: 3073780985604 | F38: La Vache Quirit Slice Cheddar Family 480g | G38: 94672 | H38: 17.676 | I38: 3073780985611 | J38: =VLOOKUP(G38,[1]Sheet1!$B:$L,1,0) -> 94672 | K38: =VLOOKUP(J38,[2]Sheet1!$D:$F,3,0) -> #N/A | L38: =K38-A38 -> #N/A
B39: 12 x 480gms | C39: 12 | D39: 1.473 | E39: 3073780999816 | F39: La Vache Quirit Slice Light Family 480g | G39: 318173 | H39: 17.676 | I39: 3073780999823 | J39: =VLOOKUP(G39,[1]Sheet1!$B:$L,1,0) -> 318173 | K39: =VLOOKUP(J39,[2]Sheet1!$D:$F,3,0) -> #N/A | L39: =K39-A39 -> #N/A
A40: 1060456 | B40: 18 x 200gms | C40: 18 | D40: 0.825 | E40: 3073781141429 | F40: KIRI GREEK TUB 200G (X18) | G40: 312611 | H40: 14.85 | I40: 3073781141436 | J40: =VLOOKUP(G40,[1]Sheet1!$B:$L,1,0) -> 312611 | K40: =VLOOKUP(J40,[2]Sheet1!$D:$F,3,0) -> 1060456 | L40: =K40-A40 -> 0
A41: 1060457 | B41: 8 x 500gms | C41: 8 | D41: 1.753 | E41: 3073781141443 | F41: KIRI GREEK TUB 500G (X8) | G41: 312612 | H41: 14.024 | I41: 3073781141450 | J41: =VLOOKUP(G41,[1]Sheet1!$B:$L,1,0) -> 312612 | K41: =VLOOKUP(J41,[2]Sheet1!$D:$F,3,0) -> 1060457 | L41: =K41-A41 -> 0
B42: 18 x 200gms | C42: 18 | D42: 0.723 | E42: 1800000007721 | F42: Kiri Tub 200g Consumer offer | G42: 208761 | H42: 13.014 | I42: 3073781010732 | J42: =VLOOKUP(G42,[1]Sheet1!$B:$L,1,0) -> #N/A | K42: =VLOOKUP(J42,[2]Sheet1!$D:$F,3,0) -> #N/A | L42: =K42-A42 -> #N/A
B43: 12 x 350gms | C43: 12 | D43: 1.189 | E43: 1800000007738 | F43: NEW Kiri Tub 350g Consumer offer | G43: 293032 | H43: 14.268 | I43: 3073781010756 | J43: =VLOOKUP(G43,[1]Sheet1!$B:$L,1,0) -> #N/A | K43: =VLOOKUP(J43,[2]Sheet1!$D:$F,3,0) -> #N/A | L43: =K43-A43 -> #N/A
B44: 8 x 500gms | C44: 8 | D44: 1.551 | E44: 1800000007745 | F44: NEW Kiri Tub 500g Consumer offer | G44: 293033 | H44: 12.408 | I44: 3073781058833 | J44: =VLOOKUP(G44,[1]Sheet1!$B:$L,1,0) -> #N/A | K44: =VLOOKUP(J44,[2]Sheet1!$D:$F,3,0) -> #N/A | L44: =K44-A44 -> #N/A
B45: 24 x 230gms | C45: 24 | D45: 0.933 | E45: 3073780976466 | F45: Kiri Al Jarra 230 gms | G45: 252499 | H45: 22.392 | I45: 3073781075960 | J45: =VLOOKUP(G45,[1]Sheet1!$B:$L,1,0) -> #N/A | K45: =VLOOKUP(J45,[2]Sheet1!$D:$F,3,0) -> #N/A | L45: =K45-A45 -> #N/A
B46: 12 x 440gms | C46: 12 | D46: 1.701 | E46: 3073780904148 | F46: Kiri Al Jarra 440 gms | G46: 252500 | H46: 20.412 | I46: 3073781075977 | J46: =VLOOKUP(G46,[1]Sheet1!$B:$L,1,0) -> #N/A | K46: =VLOOKUP(J46,[2]Sheet1!$D:$F,3,0) -> #N/A | L46: =K46-A46 -> #N/A
B47: 12 x 600gms | C47: 12 | D47: 2.03 | E47: 3073780963404 | F47: Kiri Al Jarra 600 gms | G47: 252501 | H47: 24.36 | I47: 3073781075984 | J47: =VLOOKUP(G47,[1]Sheet1!$B:$L,1,0) -> #N/A | K47: =VLOOKUP(J47,[2]Sheet1!$D:$F,3,0) -> #N/A | L47: =K47-A47 -> #N/A
B48: 12 x 140gms | C48: 12 | D48: 0.928 | E48: 3073780810661 | F48: La Vache Quirit Dipper 4’s | G48: 194963 | H48: 11.136 | I48: 3073780829311 | J48: =VLOOKUP(G48,[1]Sheet1!$B:$L,1,0) -> 194963 | K48: =VLOOKUP(J48,[2]Sheet1!$D:$F,3,0) -> #N/A | L48: =K48-A48 -> #N/A
B49: 12 x 280gms | C49: 12 | D49: 1.702 | E49: 3073781009842 | F49: La Vache Quirit Dipper 8’s | G49: 194964 | H49: 20.424 | I49: 3073781040777 | J49: =VLOOKUP(G49,[1]Sheet1!$B:$L,1,0) -> 194964 | K49: =VLOOKUP(J49,[2]Sheet1!$D:$F,3,0) -> #N/A | L49: =K49-A49 -> #N/A
B50: 20 x 35gms | C50: 20 | D50: 0.213 | E50: 30087798 | F50: LA VACHE QUIRIT DIPPER (Solo) 35G | G50: 309827 | H50: 4.26 | I50: 3073780850643 | J50: =VLOOKUP(G50,[1]Sheet1!$B:$L,1,0) -> 309827 | K50: =VLOOKUP(J50,[2]Sheet1!$D:$F,3,0) -> #N/A | L50: =K50-A50 -> #N/A
B51: 12 x 140gms | C51: 12 | D51: 0.975 | E51: 3073781058628 | F51: Kiri Dipper 4’s | G51: 213406 | H51: 11.7 | I51: 3073781065060 | J51: =VLOOKUP(G51,[1]Sheet1!$B:$L,1,0) -> 213406 | K51: =VLOOKUP(J51,[2]Sheet1!$D:$F,3,0) -> #N/A | L51: =K51-A51 -> #N/A
A52: 244913 | B52: 8 x 200gms | C52: 8 | D52: 1.271 | E52: 3073780460262 | F52: Babybel Maxi 200g (x8) | G52: 214355 | H52: 10.168 | I52: 3073781065435 | J52: =VLOOKUP(G52,[1]Sheet1!$B:$L,1,0) -> 214355 | K52: =VLOOKUP(J52,[2]Sheet1!$D:$F,3,0) -> 244913 | L52: =K52-A52 -> 0
B53: 12 x 100gms | C53: 12 | D53: 1.04 | E53: 3073780968508 | F53: Babybel Mini Original 100g | G53: 94730 | H53: 12.48 | I53: 3073780969680 | J53: =VLOOKUP(G53,[1]Sheet1!$B:$L,1,0) -> 94730 | K53: =VLOOKUP(J53,[2]Sheet1!$D:$F,3,0) -> #N/A | L53: =K53-A53 -> #N/A
B54: 12 x 100gms | C54: 12 | D54: 1.04 | E54: 3073780965828 | F54: Babybel Mini Light 100g | G54: 94734 | H54: 12.48 | I54: 3073780965835 | J54: =VLOOKUP(G54,[1]Sheet1!$B:$L,1,0) -> 94734 | K54: =VLOOKUP(J54,[2]Sheet1!$D:$F,3,0) -> #N/A | L54: =K54-A54 -> #N/A
A55: 229372 | B55: 12 x 100gms | C55: 12 | D55: 1.04 | E55: 3073780965729 | F55: Babybel Mini Cheddar 100g | G55: 94733 | H55: 12.48 | I55: 3073780965736 | J55: =VLOOKUP(G55,[1]Sheet1!$B:$L,1,0) -> 94733 | K55: =VLOOKUP(J55,[2]Sheet1!$D:$F,3,0) -> 229372 | L55: =K55-A55 -> 0
A56: 116146 | B56: 18 x 200gms | C56: 18 | D56: 0.671 | E56: 3073780984492 | F56: Kiri Labneh 200g | G56: 215668 | H56: 12.078 | I56: 3073781063059 | J56: =VLOOKUP(G56,[1]Sheet1!$B:$L,1,0) -> 215668 | K56: =VLOOKUP(J56,[2]Sheet1!$D:$F,3,0) -> 116146 | L56: =K56-A56 -> 0
B57: 9 x 350gms | C57: 12 | D57: 1.155 | E57: 3073780984515 | F57: NEW Kiri Labneh 350g | G57: 293034 | H57: 13.86 | I57: 3073781063066 | J57: =VLOOKUP(G57,[1]Sheet1!$B:$L,1,0) -> 293034 | K57: =VLOOKUP(J57,[2]Sheet1!$D:$F,3,0) -> #N/A | L57: =K57-A57 -> #N/A
B58: 9 x 500gms | C58: 8 | D58: 1.501 | E58: 3073781062762 | F58: NEW Kiri Labneh 500g | G58: 293035 | H58: 12.008 | I58: 3073781063073 | J58: =VLOOKUP(G58,[1]Sheet1!$B:$L,1,0) -> 293035 | K58: =VLOOKUP(J58,[2]Sheet1!$D:$F,3,0) -> #N/A | L58: =K58-A58 -> #N/A
A59: 1020248 | B59: 24 x 240gms | C59: 24 | D59: 0.754 | E59: 3073781125627 | F59: REGAL PICON WHITE JAR- 240G | G59: 293087 | H59: 18.096 | I59: 3073781125597 | J59: =VLOOKUP(G59,[1]Sheet1!$B:$L,1,0) -> 293087 | K59: =VLOOKUP(J59,[2]Sheet1!$D:$F,3,0) -> 1020248 | L59: =K59-A59 -> 0
B60: 12 x 500gms | C60: 12 | D60: 1.482 | E60: 3073781125634 | F60: REGAL PICON WHITE JAR- 500G | G60: 293088 | H60: 17.784 | I60: 3073781125603 | J60: =VLOOKUP(G60,[1]Sheet1!$B:$L,1,0) -> 293088 | K60: =VLOOKUP(J60,[2]Sheet1!$D:$F,3,0) -> #N/A | L60: =K60-A60 -> #N/A
A61: 1020250 | B61: 6 x 900gms | C61: 6 | D61: 2.461 | E61: 3073781125641 | F61: REGAL PICON WHITE JAR- 900G | G61: 293293 | H61: 14.766 | I61: 3073781125610 | J61: =VLOOKUP(G61,[1]Sheet1!$B:$L,1,0) -> 293293 | K61: =VLOOKUP(J61,[2]Sheet1!$D:$F,3,0) -> 1020250 | L61: =K61-A61 -> 0
B62: 6 x 2x500gms | C62: 6 | D62: 2.371 | E62: 3073781134537 | F62: REGAL PICON WHITE JAR(2x500G)- 20% off | G62: 293294 | H62: 14.226 | I62: 3073781134544 | J62: =VLOOKUP(G62,[1]Sheet1!$B:$L,1,0) -> 293294 | K62: =VLOOKUP(J62,[2]Sheet1!$D:$F,3,0) -> #N/A | L62: =K62-A62 -> #N/A
A63: 1024253 | B63: 3x2x900gms | C63: 3 | D63: 4.184 | E63: 3073781134193 | F63: REGAL PICON WHITE JAR 2X900G- 15% off | G63: 293732 | H63: 12.552 | I63: 307378 1134551 | J63: =VLOOKUP(G63,[1]Sheet1!$B:$L,1,0) -> 293732 | K63: =VLOOKUP(J63,[2]Sheet1!$D:$F,3,0) -> 1024253 | L63: =K63-A63 -> 0
B64: 12x1000gms | C64: 12 | D64: 3.559 | E64: 3073780853545 | F64: KIRI BLOCK 1KG | G64: 194957 | H64: 42.708 | I64: 3073780853552 | J64: =VLOOKUP(G64,[1]Sheet1!$B:$L,1,0) -> 194957 | K64: =VLOOKUP(J64,[2]Sheet1!$D:$F,3,0) -> #N/A | L64: =K64-A64 -> #N/A
B65: 30X200gms | C65: 30 | D65: 1.205 | E65: 3073781089172 | F65: KIRI BLOCK 200G (X30) | G65: 308347 | H65: 36.15 | I65: 3073781133745 | J65: =VLOOKUP(G65,[1]Sheet1!$B:$L,1,0) -> 308347 | K65: =VLOOKUP(J65,[2]Sheet1!$D:$F,3,0) -> #N/A | L65: =K65-A65 -> #N/A
A66: 102262 | E66: 4800024550057 | F66: Del Monte Pineapple Crush 240Ml | G66: 91607 | J66: =VLOOKUP(G66,[1]Sheet1!$B:$L,1,0) -> 91607 | K66: =VLOOKUP(J66,[2]Sheet1!$D:$F,3,0) -> #N/A | L66: =K66-A66 -> #N/A
A67: 102265 | E67: 4800024550088 | F67: Del Monte Pineapple Orange Drink 240Ml | G67: 91608 | J67: =VLOOKUP(G67,[1]Sheet1!$B:$L,1,0) -> 91608 | K67: =VLOOKUP(J67,[2]Sheet1!$D:$F,3,0) -> #N/A | L67: =K67-A67 -> #N/A
A68: 168711 | E68: 4800024550927 | F68: Del Monte Sweetend Pineapple Juice 240Ml | G68: 91606 | J68: =VLOOKUP(G68,[1]Sheet1!$B:$L,1,0) -> 91606 | K68: =VLOOKUP(J68,[2]Sheet1!$D:$F,3,0) -> #N/A | L68: =K68-A68 -> #N/A
A69: 100811 | E69: 8990800011196 | F69: Alpenliebe Candy 32/35gm | G69: 229184 | J69: =VLOOKUP(G69,[1]Sheet1!$B:$L,1,0) -> 229184 | K69: =VLOOKUP(J69,[2]Sheet1!$D:$F,3,0) -> #N/A | L69: =K69-A69 -> #N/A
A70: 100812 | E70: 8990800011554 | F70: Alpenliebe Candy Jar 450Gm | G70: 229182 | J70: =VLOOKUP(G70,[1]Sheet1!$B:$L,1,0) -> 229182 | K70: =VLOOKUP(J70,[2]Sheet1!$D:$F,3,0) -> #N/A | L70: =K70-A70 -> #N/A
A71: 100814 | E71: 8990800011332 | F71: Alpenliebe Caramel Candy Original 100Gm | G71: 229183 | J71: =VLOOKUP(G71,[1]Sheet1!$B:$L,1,0) -> #N/A | K71: =VLOOKUP(J71,[2]Sheet1!$D:$F,3,0) -> #N/A | L71: =K71-A71 -> #N/A
A72: 1009878 | E72: 24000308324 | F72: DM Chopped Tomatoes With Onion 400gm | J72: =VLOOKUP(G72,[1]Sheet1!$B:$L,1,0) -> #N/A | K72: =VLOOKUP(J72,[2]Sheet1!$D:$F,3,0) -> #N/A | L72: =K72-A72 -> #N/A
A73: 1009879 | E73: 24000308317 | F73: DM Chopped Tomatoes With Garlic 400gm | J73: =VLOOKUP(G73,[1]Sheet1!$B:$L,1,0) -> #N/A | K73: =VLOOKUP(J73,[2]Sheet1!$D:$F,3,0) -> #N/A | L73: =K73-A73 -> #N/A
A74: 101359 | E74: 80757450 | F74: Big Babol Mega Fun Berries 27Gm | G74: 229190 | J74: =VLOOKUP(G74,[1]Sheet1!$B:$L,1,0) -> 229190 | K74: =VLOOKUP(J74,[2]Sheet1!$D:$F,3,0) -> #N/A | L74: =K74-A74 -> #N/A
A75: 101360 | E75: 80757467 | F75: Big Babol Mega Milk Shake 27Gm | G75: 229391 | J75: =VLOOKUP(G75,[1]Sheet1!$B:$L,1,0) -> #N/A | K75: =VLOOKUP(J75,[2]Sheet1!$D:$F,3,0) -> #N/A | L75: =K75-A75 -> #N/A
A76: 101361 | E76: 80757474 | F76: Big Babol Mega Strawberry 27Gm | G76: 229392 | J76: =VLOOKUP(G76,[1]Sheet1!$B:$L,1,0) -> 229392 | K76: =VLOOKUP(J76,[2]Sheet1!$D:$F,3,0) -> #N/A | L76: =K76-A76 -> #N/A
A77: 101362 | E77: 80757481 | F77: Big Babol Tutti Fruiti 27Gm | G77: 229393 | J77: =VLOOKUP(G77,[1]Sheet1!$B:$L,1,0) -> 229393 | K77: =VLOOKUP(J77,[2]Sheet1!$D:$F,3,0) -> #N/A | L77: =K77-A77 -> #N/A
A78: 1014903 | E78: 8429671351266 | F78: Pons Olive Oil Blended 500ml | G78: 282412 | J78: =VLOOKUP(G78,[1]Sheet1!$B:$L,1,0) -> 282412 | K78: =VLOOKUP(J78,[2]Sheet1!$D:$F,3,0) -> #N/A | L78: =K78-A78 -> #N/A
A79: 1016907 | E79: 8003440993859 | F79: Fruitella Vegan Jelies Sour Snkes 150gm | G79: 293097 | J79: =VLOOKUP(G79,[1]Sheet1!$B:$L,1,0) -> 293097 | K79: =VLOOKUP(J79,[2]Sheet1!$D:$F,3,0) -> #N/A | L79: =K79-A79 -> #N/A
A80: 1016908 | E80: 8003440993873 | F80: Fruitella Vegan Jellies Koalas 150gm | G80: 293098 | J80: =VLOOKUP(G80,[1]Sheet1!$B:$L,1,0) -> 293098 | K80: =VLOOKUP(J80,[2]Sheet1!$D:$F,3,0) -> #N/A | L80: =K80-A80 -> #N/A
A81: 1016909 | E81: 8003440993897 | F81: Fruitella Vegan Jelies Sour Hipos 150gm | G81: 293099 | J81: =VLOOKUP(G81,[1]Sheet1!$B:$L,1,0) -> 293099 | K81: =VLOOKUP(J81,[2]Sheet1!$D:$F,3,0) -> #N/A | L81: =K81-A81 -> #N/A
A82: 101931 | E82: 8410031132519 | F82: Best Of Chupa Chup 120Gm | G82: 176201 | J82: =VLOOKUP(G82,[1]Sheet1!$B:$L,1,0) -> 176201 | K82: =VLOOKUP(J82,[2]Sheet1!$D:$F,3,0) -> #N/A | L82: =K82-A82 -> #N/A
A83: 101933 | E83: 8410031914443 | F83: Chupa Chup Colamix Bag 120Gm | G83: 176198 | J83: =VLOOKUP(G83,[1]Sheet1!$B:$L,1,0) -> 176198 | K83: =VLOOKUP(J83,[2]Sheet1!$D:$F,3,0) -> #N/A | L83: =K83-A83 -> #N/A
A84: 101934 | E84: 8410031921007 | F84: Chupa Chup Crazy Dips Cola 16Gm | G84: NO CODE | J84: =VLOOKUP(G84,[1]Sheet1!$B:$L,1,0) -> #N/A | K84: =VLOOKUP(J84,[2]Sheet1!$D:$F,3,0) -> #N/A | L84: =K84-A84 -> #N/A
A85: 101935 | E85: 8410031920970 | F85: Chupa Chup Crazy Dips Strawberry 16Gm | G85: NO CODE | J85: =VLOOKUP(G85,[1]Sheet1!$B:$L,1,0) -> #N/A | K85: =VLOOKUP(J85,[2]Sheet1!$D:$F,3,0) -> #N/A | L85: =K85-A85 -> #N/A
A86: 101937 | E86: 8410031996852 | F86: Chupa Chup Fruit Bag 120Gm | G86: 176199 | J86: =VLOOKUP(G86,[1]Sheet1!$B:$L,1,0) -> 176199 | K86: =VLOOKUP(J86,[2]Sheet1!$D:$F,3,0) -> #N/A | L86: =K86-A86 -> #N/A
A87: 101938 | E87: 1000103479887 | F87: Chupa Chup Fruit Bag 1440Gm | G87: NO CODE | J87: =VLOOKUP(G87,[1]Sheet1!$B:$L,1,0) -> #N/A | K87: =VLOOKUP(J87,[2]Sheet1!$D:$F,3,0) -> #N/A | L87: =K87-A87 -> #N/A
A88: 101939 | E88: 8410031122510 | F88: Chupa Chup Ice Cream Bag 120Gm | G88: 176200 | J88: =VLOOKUP(G88,[1]Sheet1!$B:$L,1,0) -> 176200 | K88: =VLOOKUP(J88,[2]Sheet1!$D:$F,3,0) -> #N/A | L88: =K88-A88 -> #N/A
A89: 101941 | E89: 84196842 | F89: Chupa Chup Melody Singles 15Gm | G89: 176210 | J89: =VLOOKUP(G89,[1]Sheet1!$B:$L,1,0) -> 176210 | K89: =VLOOKUP(J89,[2]Sheet1!$D:$F,3,0) -> #N/A | L89: =K89-A89 -> #N/A
A90: 101942 | E90: 8410031936988 | F90: Chupa Chup Mini Chups 210Gm | G90: 176205 | J90: =VLOOKUP(G90,[1]Sheet1!$B:$L,1,0) -> 176205 | K90: =VLOOKUP(J90,[2]Sheet1!$D:$F,3,0) -> #N/A | L90: =K90-A90 -> #N/A
A91: 101943 | E91: 84194107 | F91: Chupa Chup Surprise 13Gm | G91: 176206 | J91: =VLOOKUP(G91,[1]Sheet1!$B:$L,1,0) -> 176206 | K91: =VLOOKUP(J91,[2]Sheet1!$D:$F,3,0) -> #N/A | L91: =K91-A91 -> #N/A
A92: 101945 | E92: 8935001723684 | F92: Chupa Chup XXL Singles 28Gm | G92: 176207 | J92: =VLOOKUP(G92,[1]Sheet1!$B:$L,1,0) -> 176207 | K92: =VLOOKUP(J92,[2]Sheet1!$D:$F,3,0) -> #N/A | L92: =K92-A92 -> #N/A
A93: 101946 | E93: 46055460 | F93: Chupa Chup Bubble Gum 16Gm | G93: 176208 | J93: =VLOOKUP(G93,[1]Sheet1!$B:$L,1,0) -> 176208 | K93: =VLOOKUP(J93,[2]Sheet1!$D:$F,3,0) -> #N/A | L93: =K93-A93 -> #N/A
A94: 1020334 | E94: 24000101895 | F94: Del Monte Golden Sweet Corn 180Gm | G94: 302679 | J94: =VLOOKUP(G94,[1]Sheet1!$B:$L,1,0) -> 302679 | K94: =VLOOKUP(J94,[2]Sheet1!$D:$F,3,0) -> #N/A | L94: =K94-A94 -> #N/A
A95: 102261 | E95: 24000012412 | F95: Del Monte Pineapple Chunks 570gm | G95: 91575 | J95: =VLOOKUP(G95,[1]Sheet1!$B:$L,1,0) -> 91575 | K95: =VLOOKUP(J95,[2]Sheet1!$D:$F,3,0) -> #N/A | L95: =K95-A95 -> #N/A
A96: 102263 | E96: 4800024562692 | F96: Del Monte Pineapple Juice 240Ml | G96: 91604 | J96: =VLOOKUP(G96,[1]Sheet1!$B:$L,1,0) -> 91604 | K96: =VLOOKUP(J96,[2]Sheet1!$D:$F,3,0) -> #N/A | L96: =K96-A96 -> #N/A
A97: 102266 | E97: 24000012313 | F97: Del Monte Pineapple Slice 570gm | G97: 91566 | J97: =VLOOKUP(G97,[1]Sheet1!$B:$L,1,0) -> 91566 | K97: =VLOOKUP(J97,[2]Sheet1!$D:$F,3,0) -> #N/A | L97: =K97-A97 -> #N/A
A98: 102267 | E98: 24000003649 | F98: Del Monte Sliced Pineapple 234Gm | G98: 91558 | J98: =VLOOKUP(G98,[1]Sheet1!$B:$L,1,0) -> 91558 | K98: =VLOOKUP(J98,[2]Sheet1!$D:$F,3,0) -> #N/A | L98: =K98-A98 -> #N/A
A99: 102882 | E99: 87108422 | F99: Fruittella Black Currant 36Gm | G99: 229397 | J99: =VLOOKUP(G99,[1]Sheet1!$B:$L,1,0) -> 229397 | K99: =VLOOKUP(J99,[2]Sheet1!$D:$F,3,0) -> #N/A | L99: =K99-A99 -> #N/A
A100: 102884 | E100: 8990800011899 | F100: Fruittella Cola Lemon Candy 39Gm | G100: NO CODE | J100: =VLOOKUP(G100,[1]Sheet1!$B:$L,1,0) -> #N/A | K100: =VLOOKUP(J100,[2]Sheet1!$D:$F,3,0) -> #N/A | L100: =K100-A100 -> #N/A
...

Sheet Sheet2
A1: Nesto Code | B1: Product Description | C1: SAP CODE | D1: Barcode (Per Unit) | E1: SAP CODE | F1: Product Description
B2: =IFERROR(VLOOKUP(A2,Bel!A:F,6,0),"") | C2: =IFERROR(VLOOKUP($A2,Bel!$A:$G,7,0),"") | E2: =IFERROR(VLOOKUP(D2,Bel!$E:$G,3,0),"")
B3: =IFERROR(VLOOKUP(A3,Bel!A:F,6,0),"") | C3: =IFERROR(VLOOKUP(A3,Bel!A:G,7,0),"") | D3: 3073786155186 | E3: =IFERROR(VLOOKUP(D3,Bel!$E:$G,3,0),"") -> 155147
B4: =IFERROR(VLOOKUP(A4,Bel!A:F,6,0),"") | C4: =IFERROR(VLOOKUP(A4,Bel!A:G,7,0),"") | D4: 3073781010749 | E4: =IFERROR(VLOOKUP(D4,Bel!$E:$G,3,0),"") -> 293032
B5: =IFERROR(VLOOKUP(A5,Bel!A:F,6,0),"") | C5: =IFERROR(VLOOKUP(A5,Bel!A:G,7,0),"") | E5: =IFERROR(VLOOKUP(D5,Bel!$E:$G,3,0),"")
B6: =IFERROR(VLOOKUP(A6,Bel!A:F,6,0),"") | C6: =IFERROR(VLOOKUP(A6,Bel!A:G,7,0),"") | E6: =IFERROR(VLOOKUP(D6,Bel!$E:$G,3,0),"")
B7: =IFERROR(VLOOKUP(A7,Bel!A:F,6,0),"") | C7: =IFERROR(VLOOKUP(A7,Bel!A:G,7,0),"") | E7: =IFERROR(VLOOKUP(D7,Bel!$E:$G,3,0),"")
B8: =IFERROR(VLOOKUP(A8,Bel!A:F,6,0),"") | C8: =IFERROR(VLOOKUP(A8,Bel!A:G,7,0),"") | E8: =IFERROR(VLOOKUP(D8,Bel!$E:$G,3,0),"")
B9: =IFERROR(VLOOKUP(A9,Bel!A:F,6,0),"") | C9: =IFERROR(VLOOKUP(A9,Bel!A:G,7,0),"") | E9: =IFERROR(VLOOKUP(D9,Bel!$E:$G,3,0),"")
B10: =IFERROR(VLOOKUP(A10,Bel!A:F,6,0),"") | C10: =IFERROR(VLOOKUP(A10,Bel!A:G,7,0),"") | E10: =IFERROR(VLOOKUP(D10,Bel!$E:$G,3,0),"")
B11: =IFERROR(VLOOKUP(A11,Bel!A:F,6,0),"") | C11: =IFERROR(VLOOKUP(A11,Bel!A:G,7,0),"") | E11: =IFERROR(VLOOKUP(D11,Bel!$E:$G,3,0),"")
B12: =IFERROR(VLOOKUP(A12,Bel!A:F,6,0),"") | C12: =IFERROR(VLOOKUP(A12,Bel!A:G,7,0),"") | E12: =IFERROR(VLOOKUP(D12,Bel!$E:$G,3,0),"")
B13: =IFERROR(VLOOKUP(A13,Bel!A:F,6,0),"") | C13: =IFERROR(VLOOKUP(A13,Bel!A:G,7,0),"") | E13: =IFERROR(VLOOKUP(D13,Bel!$E:$G,3,0),"")
B14: =IFERROR(VLOOKUP(A14,Bel!A:F,6,0),"") | C14: =IFERROR(VLOOKUP(A14,Bel!A:G,7,0),"") | E14: =IFERROR(VLOOKUP(D14,Bel!$E:$G,3,0),"")
B15: =IFERROR(VLOOKUP(A15,Bel!A:F,6,0),"") | C15: =IFERROR(VLOOKUP(A15,Bel!A:G,7,0),"") | E15: =IFERROR(VLOOKUP(D15,Bel!$E:$G,3,0),"")
B16: =IFERROR(VLOOKUP(A16,Bel!A:F,6,0),"") | C16: =IFERROR(VLOOKUP(A16,Bel!A:G,7,0),"") | E16: =IFERROR(VLOOKUP(D16,Bel!$E:$G,3,0),"")
... B55: =IFERROR(VLOOKUP(A55,Bel!A:F,6,0),"") | C55: =IFERROR(VLOOKUP(A55,Bel!A:G,7,0),"") | E55: =IFERROR(VLOOKUP(D55,Bel!$E:$G,3,0),"")
B56: =IFERROR(VLOOKUP(A56,Bel!A:F,6,0),"") | C56: =IFERROR(VLOOKUP(A56,Bel!A:G,7,0),"") | E56: =IFERROR(VLOOKUP(D54,Bel!$E:$G,3,0),"")
B57: =IFERROR(VLOOKUP(A57,Bel!A:F,6,0),"") | C57: =IFERROR(VLOOKUP(A57,Bel!A:G,7,0),"") | E57: =IFERROR(VLOOKUP(D55,Bel!$E:$G,3,0),"")
B58: =IFERROR(VLOOKUP(A58,Bel!A:F,6,0),"") | C58: =IFERROR(VLOOKUP(A58,Bel!A:G,7,0),"") | E58: =IFERROR(VLOOKUP(D56,Bel!$E:$G,3,0),"")
B59: =IFERROR(VLOOKUP(A59,Bel!A:F,6,0),"") | C59: =IFERROR(VLOOKUP(A59,Bel!A:G,7,0),"") | E59: =IFERROR(VLOOKUP(D57,Bel!$E:$G,3,0),"")
B60: =IFERROR(VLOOKUP(A60,Bel!A:F,6,0),"") | C60: =IFERROR(VLOOKUP(A60,Bel!A:G,7,0),"") | E60: =IFERROR(VLOOKUP(D58,Bel!$E:$G,3,0),"")
B61: =IFERROR(VLOOKUP(A61,Bel!A:F,6,0),"") | C61: =IFERROR(VLOOKUP(A61,Bel!A:G,7,0),"") | E61: =IFERROR(VLOOKUP(D59,Bel!$E:$G,3,0),"")
B62: =IFERROR(VLOOKUP(A62,Bel!A:F,6,0),"") | C62: =IFERROR(VLOOKUP(A62,Bel!A:G,7,0),"") | E62: =IFERROR(VLOOKUP(D60,Bel!$E:$G,3,0),"")
B63: =IFERROR(VLOOKUP(A63,Bel!A:F,6,0),"") | C63: =IFERROR(VLOOKUP(A63,Bel!A:G,7,0),"") | E63: =IFERROR(VLOOKUP(D61,Bel!$E:$G,3,0),"")
B64: =IFERROR(VLOOKUP(A64,Bel!A:F,6,0),"") | C64: =IFERROR(VLOOKUP(A64,Bel!A:G,7,0),"") | E64: =IFERROR(VLOOKUP(D62,Bel!$E:$G,3,0),"")
B65: =IFERROR(VLOOKUP(A65,Bel!A:F,6,0),"") | C65: =IFERROR(VLOOKUP(A65,Bel!A:G,7,0),"") | E65: =IFERROR(VLOOKUP(D63,Bel!$E:$G,3,0),"")
B66: =IFERROR(VLOOKUP(A66,Bel!A:F,6,0),"") | C66: =IFERROR(VLOOKUP(A66,Bel!A:G,7,0),"") | E66: =IFERROR(VLOOKUP(D64,Bel!$E:$G,3,0),"")
B67: =IFERROR(VLOOKUP(A67,Bel!A:F,6,0),"") | C67: =IFERROR(VLOOKUP(A67,Bel!A:G,7,0),"") | E67: =IFERROR(VLOOKUP(D65,Bel!$E:$G,3,0),"")
... B71: =IFERROR(VLOOKUP(A71,Bel!A:F,6,0),"") | C71: =IFERROR(VLOOKUP(A71,Bel!A:G,7,0),"") | E71: =IFERROR(VLOOKUP(D69,Bel!$E:$G,3,0),"")
B72: =IFERROR(VLOOKUP(A72,Bel!A:F,6,0),"") | C72: =IFERROR(VLOOKUP(A72,Bel!A:G,7,0),"") | E72: =IFERROR(VLOOKUP(D72,Bel!$E:$G,3,0),"")
B73: =IFERROR(VLOOKUP(A73,Bel!A:F,6,0),"") | C73: =IFERROR(VLOOKUP(A73,Bel!A:G,7,0),"") | E73: =IFERROR(VLOOKUP(D73,Bel!$E:$G,3,0),"")
B74: =IFERROR(VLOOKUP(A74,Bel!A:F,6,0),"") | C74: =IFERROR(VLOOKUP(A74,Bel!A:G,7,0),"") | E74: =IFERROR(VLOOKUP(D74,Bel!$E:$G,3,0),"")
B75: =IFERROR(VLOOKUP(A75,Bel!A:F,6,0),"") | C75: =IFERROR(VLOOKUP(A75,Bel!A:G,7,0),"") | E75: =IFERROR(VLOOKUP(D75,Bel!$E:$G,3,0),"")
B76: =IFERROR(VLOOKUP(A76,Bel!A:F,6,0),"") | C76: =IFERROR(VLOOKUP(A76,Bel!A:G,7,0),"") | E76: =IFERROR(VLOOKUP(D76,Bel!$E:$G,3,0),"")
B77: =IFERROR(VLOOKUP(A77,Bel!A:F,6,0),"") | C77: =IFERROR(VLOOKUP(A77,Bel!A:G,7,0),"") | E77: =IFERROR(VLOOKUP(D77,Bel!$E:$G,3,0),"")
B78: =IFERROR(VLOOKUP(A78,Bel!A:F,6,0),"") | C78: =IFERROR(VLOOKUP(A78,Bel!A:G,7,0),"") | E78: =IFERROR(VLOOKUP(D78,Bel!$E:$G,3,0),"")
B79: =IFERROR(VLOOKUP(A79,Bel!A:F,6,0),"") | C79: =IFERROR(VLOOKUP(A79,Bel!A:G,7,0),"") | E79: =IFERROR(VLOOKUP(D79,Bel!$E:$G,3,0),"")
B80: =IFERROR(VLOOKUP(A80,Bel!A:F,6,0),"") | C80: =IFERROR(VLOOKUP(A80,Bel!A:G,7,0),"") | E80: =IFERROR(VLOOKUP(D80,Bel!$E:$G,3,0),"")
B81: =IFERROR(VLOOKUP(A81,Bel!A:F,6,0),"") | C81: =IFERROR(VLOOKUP(A81,Bel!A:G,7,0),"") | E81: =IFERROR(VLOOKUP(D81,Bel!$E:$G,3,0),"")
B82: =IFERROR(VLOOKUP(A82,Bel!A:F,6,0),"") | C82: =IFERROR(VLOOKUP(A82,Bel!A:G,7,0),"") | E82: =IFERROR(VLOOKUP(D82,Bel!$E:$G,3,0),"")
B83: =IFERROR(VLOOKUP(A83,Bel!A:F,6,0),"") | C83: =IFERROR(VLOOKUP(A83,Bel!A:G,7,0),"") | E83: =IFERROR(VLOOKUP(D83,Bel!$E:$G,3,0),"")
... B312: =IFERROR(VLOOKUP(A312,Bel!A:F,6,0),"") | C312: =IFERROR(VLOOKUP(A312,Bel!A:G,7,0),"") | E312: =IFERROR(VLOOKUP(D312,Bel!$E:$G,3,0),"")
B313: =IFERROR(VLOOKUP(A313,Bel!A:F,6,0),"") | C313: =IFERROR(VLOOKUP(A313,Bel!A:G,7,0),"") | E313: =IFERROR(VLOOKUP(D313,Bel!$E:$G,3,0),"") | J313: DUE TO PRICE DIFFERENCE DID NOT PUNCHED
B314: =IFERROR(VLOOKUP(A314,Bel!A:F,6,0),"") | C314: =IFERROR(VLOOKUP(A314,Bel!A:G,7,0),"") | E314: =IFERROR(VLOOKUP(D314,Bel!$E:$G,3,0),"")
B315: =IFERROR(VLOOKUP(A315,Bel!A:F,6,0),"") | C315: =IFERROR(VLOOKUP(A315,Bel!A:G,7,0),"") | E315: =IFERROR(VLOOKUP(D315,Bel!$E:$G,3,0),"") | J315: 2 UN01 174501 Kiri Creamy Labneh 350Gm 293034 3073780984515 12 EA 1EA 1.057 12.684 0.000 12.684 0.000 0.000
B316: =IFERROR(VLOOKUP(A316,Bel!A:F,6,0),"") | C316: =IFERROR(VLOOKUP(A316,Bel!A:G,7,0),"") | E316: =IFERROR(VLOOKUP(D316,Bel!$E:$G,3,0),"") | J316: 3 UN01 366235 Kiri Creamy Labneh 500Gm 3073781062762 12 EA 1EA 1.501 18.012 0.000 18.012 0.000 0.000
B317: =IFERROR(VLOOKUP(A317,Bel!A:F,6,0),"") | C317: =IFERROR(VLOOKUP(A317,Bel!A:G,7,0),"") | E317: =IFERROR(VLOOKUP(D317,Bel!$E:$G,3,0),"")
B318: =IFERROR(VLOOKUP(A318,Bel!A:F,6,0),"") | C318: =IFERROR(VLOOKUP(A318,Bel!A:G,7,0),"") | E318: =IFERROR(VLOOKUP(D318,Bel!$E:$G,3,0),"") | J318: 20 UN01 474457 Regal Picon Tub Cheese 480Gm 249065 3073781090130 24 EA 1EA 1.005 24.120 0.000 24.120 0.000 0.000
B319: =IFERROR(VLOOKUP(A319,Bel!A:F,6,0),"") | C319: =IFERROR(VLOOKUP(A319,Bel!A:G,7,0),"") | E319: =IFERROR(VLOOKUP(D319,Bel!$E:$G,3,0),"")
B320: =IFERROR(VLOOKUP(A320,Bel!A:F,6,0),"") | C320: =IFERROR(VLOOKUP(A320,Bel!A:G,7,0),"") | E320: =IFERROR(VLOOKUP(D320,Bel!$E:$G,3,0),"")
B321: =IFERROR(VLOOKUP(A321,Bel!A:F,6,0),"") | C321: =IFERROR(VLOOKUP(A321,Bel!A:G,7,0),"") | E321: =IFERROR(VLOOKUP(D321,Bel!$E:$G,3,0),"") | J321: DID NOT PUNCHED
B322: =IFERROR(VLOOKUP(A322,Bel!A:F,6,0),"") | C322: =IFERROR(VLOOKUP(A322,Bel!A:G,7,0),"") | E322: =IFERROR(VLOOKUP(D322,Bel!$E:$G,3,0),"")
B323: =IFERROR(VLOOKUP(A323,Bel!A:F,6,0),"") | C323: =IFERROR(VLOOKUP(A323,Bel!A:G,7,0),"") | E323: =IFERROR(VLOOKUP(D323,Bel!$E:$G,3,0),"") | J323: 13 UN01 116571 LVQR Round Box Reduced Fat 120gm 3073780689014 24 EA 1EA 0.424 10.176 0.000 10.176 0.000 0.000
B324: =IFERROR(VLOOKUP(A324,Bel!A:F,6,0),"") | C324: =IFERROR(VLOOKUP(A324,Bel!A:G,7,0),"") | E324: =IFERROR(VLOOKUP(D324,Bel!$E:$G,3,0),"") | J324: 14 UN01 411866 Regal Picon 12 Slice Burger 200Gm 1800000007974 20 EA 1EA 0.488 9.760 0.000 9.760 0.000 0.000
B325: =IFERROR(VLOOKUP(A325,Bel!A:F,6,0),"") | C325: =IFERROR(VLOOKUP(A325,Bel!A:G,7,0),"") | E325: =IFERROR(VLOOKUP(D325,Bel!$E:$G,3,0),"") | J325: 15 UN01 411865 Regal Picon 12 Slice Cheddar 200Gm 1800000007981 20 EA 1EA 0.488 9.760 0.000 9.760 0.000 0.000
B326: =IFERROR(VLOOKUP(A326,Bel!A:F,6,0),"") | C326: =IFERROR(VLOOKUP(A326,Bel!A:G,7,0),"") | E326: =IFERROR(VLOOKUP(D326,Bel!$E:$G,3,0),"")
B327: =IFERROR(VLOOKUP(A327,Bel!A:F,6,0),"") | C327: =IFERROR(VLOOKUP(A327,Bel!A:G,7,0),"") | E327: =IFERROR(VLOOKUP(D327,Bel!$E:$G,3,0),"") | J327: 21 S UN01 284081 Vqr Kiri 6P 5X108Gm 3073781050318 60 EA 1EA 1.700 102.000 0.000 102.000 0.000 0.000
B328: =IFERROR(VLOOKUP(A328,Bel!A:F,6,0),"") | C328: =IFERROR(VLOOKUP(A328,Bel!A:G,7,0),"") | E328: =IFERROR(VLOOKUP(D328,Bel!$E:$G,3,0),"")
B329: =IFERROR(VLOOKUP(A329,Bel!A:F,6,0),"") | C329: =IFERROR(VLOOKUP(A329,Bel!A:G,7,0),"") | E329: =IFERROR(VLOOKUP(D329,Bel!$E:$G,3,0),"")
B330: =IFERROR(VLOOKUP(A330,Bel!A:F,6,0),"") | C330: =IFERROR(VLOOKUP(A330,Bel!A:G,7,0),"") | E330: =IFERROR(VLOOKUP(D330,Bel!$E:$G,3,0),"")
B331: =IFERROR(VLOOKUP(A331,Bel!A:F,6,0),"") | C331: =IFERROR(VLOOKUP(A331,Bel!A:G,7,0),"") | E331: =IFERROR(VLOOKUP(D331,Bel!$E:$G,3,0),"")
B332: =IFERROR(VLOOKUP(A332,Bel!A:F,6,0),"") | C332: =IFERROR(VLOOKUP(A332,Bel!A:G,7,0),"") | E332: =IFERROR(VLOOKUP(D332,Bel!$E:$G,3,0),"")
A333: 1 UN01 100814 Alpenliebe Caramel Candy Original 100Gm 8990800011332 40 EA 1EA 0.300 12.002 0.000 12.002 0.000 0.600 | B333: =IFERROR(VLOOKUP(A333,Bel!A:F,6,0),"") | C333: =IFERROR(VLOOKUP(A333,Bel!A:G,7,0),"") | E333: =IFERROR(VLOOKUP(D333,Bel!$E:$G,3,0),"") | J333: 1 UN01 100814 Alpenliebe Caramel Candy Original 100Gm 8990800011332 40 EA 1EA 0.300 12.002 0.000 12.002 0.000 0.600
B334: =IFERROR(VLOOKUP(A334,Bel!A:F,6,0),"") | C334: =IFERROR(VLOOKUP(A334,Bel!A:G,7,0),"") | E334: =IFERROR(VLOOKUP(D334,Bel!$E:$G,3,0),"") | J334: 3 UN01 101360 Big Babol Mega Milk Shake 27Gm 80757467 50 EA 1EA 0.081 4.050 0.000 4.050 0.000 0.203
B335: =IFERROR(VLOOKUP(A335,Bel!A:F,6,0),"") | C335: =IFERROR(VLOOKUP(A335,Bel!A:G,7,0),"") | E335: =IFERROR(VLOOKUP(D335,Bel!$E:$G,3,0),"") | H335: 3 | J335: 4 UN01 347407 Chupa Chupa Lollipop Bubble Gum 96Gm 4601798006302 50 EA 1EA 0.358 17.900 0.000 17.900 0.000 0.895
B336: =IFERROR(VLOOKUP(A336,Bel!A:F,6,0),"") | C336: =IFERROR(VLOOKUP(A336,Bel!A:G,7,0),"") | E336: =IFERROR(VLOOKUP(D336,Bel!$E:$G,3,0),"") | H336: 4 | J336: 20 UN01 229638 Smint#Tin Box Strawberry 35Gm 8410031948745 12 EA 1EA 0.632 7.584 0.000 7.584 0.000 0.379
B337: =IFERROR(VLOOKUP(A337,Bel!A:F,6,0),"") | C337: =IFERROR(VLOOKUP(A337,Bel!A:G,7,0),"") | E337: =IFERROR(VLOOKUP(D337,Bel!$E:$G,3,0),"") | H337: 5
B338: =IFERROR(VLOOKUP(A338,Bel!A:F,6,0),"") | C338: =IFERROR(VLOOKUP(A338,Bel!A:G,7,0),"") | E338: =IFERROR(VLOOKUP(D338,Bel!$E:$G,3,0),"") | H338: 11
B339: =IFERROR(VLOOKUP(A339,Bel!A:F,6,0),"") | C339: =IFERROR(VLOOKUP(A339,Bel!A:G,7,0),"") | E339: =IFERROR(VLOOKUP(D339,Bel!$E:$G,3,0),"") | H339: 12 | J339: 2 UN01 453003 Pons Extra Vrgn Blnded Olive Oil 250Ml 214504 8429671351259 12 EA 1EA 0.655 7.860 0.000 7.860 0.000 0.000
B340: =IFERROR(VLOOKUP(A340,Bel!A:F,6,0),"") | C340: =IFERROR(VLOOKUP(A340,Bel!A:G,7,0),"") | E340: =IFERROR(VLOOKUP(D340,Bel!$E:$G,3,0),"") | H340: 14
B341: =IFERROR(VLOOKUP(A341,Bel!A:F,6,0),"") | C341: =IFERROR(VLOOKUP(A341,Bel!A:G,7,0),"") | E341: =IFERROR(VLOOKUP(D341,Bel!$E:$G,3,0),"") | H341: 15 | J341: 5 UN01 103542 Hero Baby Apple Juice 125Ml 8410175061034 24 EA 1EA 0.380 9.120 0.000 9.120 0.000 0.456
B342: =IFERROR(VLOOKUP(A342,Bel!A:F,6,0),"") | C342: =IFERROR(VLOOKUP(A342,Bel!A:G,7,0),"") | E342: =IFERROR(VLOOKUP(D342,Bel!$E:$G,3,0),"") | H342: 20
B343: =IFERROR(VLOOKUP(A343,Bel!A:F,6,0),"") | C343: =IFERROR(VLOOKUP(A343,Bel!A:G,7,0),"") | E343: =IFERROR(VLOOKUP(D343,Bel!$E:$G,3,0),"") | H343: 23 | J343: 24 UN01 321128 Pons Pomace Olive Oil 500Ml 91294 8429671350566 12 EA 1EA 1.183 14.196 0.000 14.196 0.000 0.000
B344: =IFERROR(VLOOKUP(A344,Bel!A:F,6,0),"") | C344: =IFERROR(VLOOKUP(A344,Bel!A:G,7,0),"") | E344: =IFERROR(VLOOKUP(D344,Bel!$E:$G,3,0),"") | H344: 26
B345: =IFERROR(VLOOKUP(A345,Bel!A:F,6,0),"") | C345: =IFERROR(VLOOKUP(A345,Bel!A:G,7,0),"") | E345: =IFERROR(VLOOKUP(D345,Bel!$E:$G,3,0),"") | H345: 27 | J345: 6 UN01 453003 Pons Extra Vrgn Blnded Olive Oil 250Ml 214504 8429671351259 12 EA 1EA 0.655 7.860 0.000 7.860 0.000 0.000
B346: =IFERROR(VLOOKUP(A346,Bel!A:F,6,0),"") | C346: =IFERROR(VLOOKUP(A346,Bel!A:G,7,0),"") | E346: =IFERROR(VLOOKUP(D346,Bel!$E:$G,3,0),"") | H346: 32 | J346: 7 UN01 316073 Pons Pomace Olive Oil 1Lt 8429671360336 6 EA 1EA 2.130 12.780 0.000 12.780 0.000 0.000
B347: =IFERROR(VLOOKUP(A347,Bel!A:F,6,0),"") | C347: =IFERROR(VLOOKUP(A347,Bel!A:G,7,0),"") | E347: =IFERROR(VLOOKUP(D347,Bel!$E:$G,3,0),"") | H347: 40 | J347: 8 UN01 321129 Pons Pomace Olive Oil 250Ml 107249 8429671350399 12 EA 1EA 0.650 7.800 0.000 7.800 0.000 0.000
B348: =IFERROR(VLOOKUP(A348,Bel!A:F,6,0),"") | C348: =IFERROR(VLOOKUP(A348,Bel!A:G,7,0),"") | E348: =IFERROR(VLOOKUP(D348,Bel!$E:$G,3,0),"")
B349: =IFERROR(VLOOKUP(A349,Bel!A:F,6,0),"") | C349: =IFERROR(VLOOKUP(A349,Bel!A:G,7,0),"") | E349: =IFERROR(VLOOKUP(D349,Bel!$E:$G,3,0),"") | J349: 5 UN01 272119 Mentos Pure Fresh Lime Mint 56gm 80983460 36 EA 1EA 0.767 27.612 0.000 27.612 0.000 1.381
B350: =IFERROR(VLOOKUP(A350,Bel!A:F,6,0),"") | C350: =IFERROR(VLOOKUP(A350,Bel!A:G,7,0),"") | E350: =IFERROR(VLOOKUP(D350,Bel!$E:$G,3,0),"")
B351: =IFERROR(VLOOKUP(A351,Bel!A:F,6,0),"") | C351: =IFERROR(VLOOKUP(A351,Bel!A:G,7,0),"") | E351: =IFERROR(VLOOKUP(D351,Bel!$E:$G,3,0),"") | H351: DID NOT PUNCHED
B352: =IFERROR(VLOOKUP(A352,Bel!A:F,6,0),"") | C352: =IFERROR(VLOOKUP(A352,Bel!A:G,7,0),"") | E352: =IFERROR(VLOOKUP(D352,Bel!$E:$G,3,0),"")
B353: =IFERROR(VLOOKUP(A353,Bel!A:F,6,0),"") | C353: =IFERROR(VLOOKUP(A353,Bel!A:G,7,0),"") | E353: =IFERROR(VLOOKUP(D353,Bel!$E:$G,3,0),"")
B354: =IFERROR(VLOOKUP(A354,Bel!A:F,6,0),"") | C354: =IFERROR(VLOOKUP(A354,Bel!A:G,7,0),"") | E354: =IFERROR(VLOOKUP(D354,Bel!$E:$G,3,0),"")
B355: =IFERROR(VLOOKUP(A355,Bel!A:F,6,0),"") | C355: =IFERROR(VLOOKUP(A355,Bel!A:G,7,0),"") | E355: =IFERROR(VLOOKUP(D355,Bel!$E:$G,3,0),"")
B356: =IFERROR(VLOOKUP(A356,Bel!A:F,6,0),"") | C356: =IFERROR(VLOOKUP(A356,Bel!A:G,7,0),"") | E356: =IFERROR(VLOOKUP(D356,Bel!$E:$G,3,0),"")
B357: =IFERROR(VLOOKUP(A357,Bel!A:F,6,0),"") | C357: =IFERROR(VLOOKUP(A357,Bel!A:G,7,0),"") | E357: =IFERROR(VLOOKUP(D357,Bel!$E:$G,3,0),"")
B358: =IFERROR(VLOOKUP(A358,Bel!A:F,6,0),"") | C358: =IFERROR(VLOOKUP(A358,Bel!A:G,7,0),"") | E358: =IFERROR(VLOOKUP(D358,Bel!$E:$G,3,0),"")
B359: =IFERROR(VLOOKUP(A359,Bel!A:F,6,0),"") | C359: =IFERROR(VLOOKUP(A359,Bel!A:G,7,0),"") | E359: =IFERROR(VLOOKUP(D359,Bel!$E:$G,3,0),"")
B360: =IFERROR(VLOOKUP(A360,Bel!A:F,6,0),"") | C360: =IFERROR(VLOOKUP(A360,Bel!A:G,7,0),"") | E360: =IFERROR(VLOOKUP(D360,Bel!$E:$G,3,0),"")
B361: =IFERROR(VLOOKUP(A361,Bel!A:F,6,0),"") | C361: =IFERROR(VLOOKUP(A361,Bel!A:G,7,0),"") | E361: =IFERROR(VLOOKUP(D361,Bel!$E:$G,3,0),"")
B362: =IFERROR(VLOOKUP(A362,Bel!A:F,6,0),"") | C362: =IFERROR(VLOOKUP(A362,Bel!A:G,7,0),"") | E362: =IFERROR(VLOOKUP(D362,Bel!$E:$G,3,0),"")
B363: =IFERROR(VLOOKUP(A363,Bel!A:F,6,0),"") | C363: =IFERROR(VLOOKUP(A363,Bel!A:G,7,0),"") | E363: =IFERROR(VLOOKUP(D363,Bel!$E:$G,3,0),"")
... B398: =IFERROR(VLOOKUP(A398,Bel!A:F,6,0),"") | C398: =IFERROR(VLOOKUP(A398,Bel!A:G,7,0),"") | E398: =IFERROR(VLOOKUP(D398,Bel!$E:$G,3,0),"")
A399: 100814 | B399: =IFERROR(VLOOKUP(A399,Bel!A:F,6,0),"") -> Alpenliebe Caramel Candy Original 100Gm | C399: =IFERROR(VLOOKUP(A399,Bel!A:G,7,0),"") -> 229183 | D399: 3073780985604 | E399: =IFERROR(VLOOKUP(D399,Bel!$E:$G,3,0),"") -> 94672 | G399: =A399 -> 100814
B400: =IFERROR(VLOOKUP(A400,Bel!A:F,6,0),"") | C400: =IFERROR(VLOOKUP(A400,Bel!A:G,7,0),"") | E400: =IFERROR(VLOOKUP(D400,Bel!$E:$G,3,0),"") | G400: =A400 -> 0
B401: =IFERROR(VLOOKUP(A401,Bel!A:F,6,0),"") | C401: =IFERROR(VLOOKUP(A401,Bel!A:G,7,0),"") | E401: =IFERROR(VLOOKUP(D401,Bel!$E:$G,3,0),"") | G401: =A401 -> 0
B402: =IFERROR(VLOOKUP(A402,Bel!A:F,6,0),"") | C402: =IFERROR(VLOOKUP(A402,Bel!A:G,7,0),"") | E402: =IFERROR(VLOOKUP(D402,Bel!$E:$G,3,0),"") | G402: =A402 -> 0
B403: =IFERROR(VLOOKUP(A403,Bel!A:F,6,0),"") | C403: =IFERROR(VLOOKUP(A403,Bel!A:G,7,0),"") | E403: =IFERROR(VLOOKUP(D403,Bel!$E:$G,3,0),"") | G403: =A403 -> 0
...
